Actual,Predicted
39,42.24
79,49.16
36,47.6
22,46.66
32,48.19
26,37.92
31,48.69
39,44.82
71,37.94
33,36.82
46,45.38
49,51.72
52,47.28
54,51.42
52,51.73
57,51.17
77,56.4
53,54.62
70,54.34
40,60.64
36,80.82
79,76.0
39,53.65
35,49.51
53,53.27
49,50.37
68,43.77
74,65.71
39,58.87
45,44.04
70,65.87
74,51.25
89,74.33
50,54.25
34,64.41
26,61.42
22,55.73
40,50.38
40,41.6
33,38.69
40,43.05
52,29.64
38,37.4
62,47.22
58,38.79
80,40.22
39,39.75
31,44.68
36,52.96
44,48.03
36,50.2
34,47.3
47,36.43
62,39.27
32,36.12
51,49.94
52,48.77
23,39.17
24,42.08
46,43.72
40,40.91
46,37.24
35,39.36
50,34.17
42,39.19
49,47.26
33,43.47
43,40.58
55,43.48
19,35.89
62,50.74
52,46.59
34,44.13
35,43.33
46,51.1
37,40.85
22,39.17
37,40.4
46,36.94
45,33.92
17,28.42
52,39.1
46,34.58
26,36.19
51,41.04
60,42.04
39,43.79
53,45.26
39,50.82
28,43.94
59,46.9
32,44.57
31,42.6
30,39.42
44,36.52
27,31.79
45,54.86
56,55.81
58,45.07
107,47.31
44,47.59
92,64.49
41,61.2
38,70.29
77,78.32
68,67.48
50,45.2
72,55.15
32,50.03
48,58.98
49,59.61
54,51.05
58,56.91
71,49.63
49,52.92
64,56.06
73,48.45
51,52.0
36,57.5
55,72.61
47,51.23
21,42.25
35,45.54
35,42.8
47,44.7
28,34.18
41,38.89
21,30.84
43,41.41
46,33.49
43,33.15
76,42.73
46,35.55
52,44.29
45,55.45
44,46.88
58,49.92
39,43.62
43,47.43
53,55.39
36,51.59
58,50.94
30,42.39
26,45.87
57,51.29
43,44.42
40,42.7
55,47.91
35,36.69
52,48.16
26,50.15
33,49.62
33,39.21
32,43.55
51,37.29
35,32.83
52,33.45
48,37.79
26,35.33
43,44.46
37,47.29
43,40.78
24,39.62
36,37.67
56,35.67
37,38.59
30,29.27
73,51.4
54,42.89
29,51.36
32,41.15
25,41.29
39,41.74
35,41.44
75,42.62
25,33.85
47,49.5
34,37.62
37,48.07
67,79.24
72,41.33
55,45.55
50,57.41
74,58.35
40,64.55
42,77.5
72,70.1
33,52.68
76,72.66
57,54.05
39,46.83
52,46.56
58,46.52
48,50.68
43,50.79
49,47.41
63,53.14
36,46.68
75,57.3
30,45.28
49,51.91
62,48.81
62,55.16
34,43.15
21,38.74
30,53.87
48,41.54
47,38.16
43,45.87
38,37.32
41,41.73
23,35.43
74,40.16
44,35.37
38,42.27
29,40.26
40,44.63
35,38.42
40,45.99
29,38.29
29,39.56
50,42.39
52,37.93
41,38.15
53,40.27
38,37.28
55,46.03
40,46.79
33,40.79
44,46.53
54,38.13
29,43.79
62,45.53
42,41.25
74,51.27
28,36.56
46,57.61
43,46.95
31,45.77
29,50.0
44,49.17
43,38.27
42,44.01
40,39.58
75,50.75
19,42.93
57,46.8
43,48.88
43,44.86
47,48.23
50,52.19
34,43.98
54,47.69
50,45.43
40,44.0
45,42.4
38,39.58
58,38.91
34,40.79
27,45.89
37,43.79
46,33.74
33,38.76
55,57.17
78,44.41
50,42.27
113,54.88
41,59.89
47,66.8
52,64.66
34,54.41
51,65.74
68,57.45
35,43.64
107,56.73
54,48.1
44,49.1
42,69.53
71,70.0
30,52.06
64,66.89
71,46.96
52,53.01
49,49.93
54,51.2
55,55.31
95,64.83
38,49.51
30,62.9
34,48.18
49,42.6
55,54.29
34,49.06
60,39.82
53,39.49
37,44.84
21,38.48
48,47.13
59,48.34
47,38.64
35,40.91
54,41.66
46,40.84
48,46.82
38,49.82
33,49.56
80,54.22
29,35.04
37,41.14
37,40.82
38,39.38
17,33.65
59,53.11
47,34.16
33,35.28
41,38.82
24,31.06
83,51.78
36,42.88
35,46.97
31,36.87
39,43.96
32,35.58
33,43.21
51,40.98
32,27.62
30,40.52
43,39.96
39,31.92
54,35.43
77,48.6
45,44.58
35,45.58
30,52.18
24,61.8
57,52.39
45,50.24
46,41.65
50,39.46
74,45.47
66,39.62
38,69.46
32,53.39
50,54.22
60,52.28
28,47.47
43,48.65
42,49.82
45,51.28
48,55.75
39,41.65
64,61.01
59,46.9
50,54.04
64,52.07
80,54.16
53,46.52
41,57.09
69,66.41
57,52.97
66,54.44
75,53.59
53,49.77
63,57.93
44,59.06
54,68.74
52,52.83
69,58.05
38,50.67
46,53.99
71,52.22
52,48.41
34,53.99
77,71.56
44,40.9
32,40.81
35,39.87
33,46.58
47,42.02
43,36.99
20,30.49
42,42.0
23,32.44
54,39.55
64,36.8
35,40.08
42,33.41
42,44.41
60,43.61
32,45.78
48,49.11
39,44.09
40,45.15
55,39.98
30,40.88
50,46.64
42,38.76
40,42.75
48,48.06
49,43.75
60,48.34
34,39.71
26,41.72
43,50.13
34,43.09
56,42.14
28,41.39
41,37.78
36,34.0
37,40.72
30,31.09
36,41.11
37,31.14
64,37.0
19,34.85
56,50.45
43,39.18
18,39.57
33,44.28
21,38.48
44,37.18
57,37.52
39,34.85
66,37.95
49,46.31
45,43.85
64,55.58
38,49.17
26,42.38
43,50.41
30,47.73
47,56.52
38,48.26
43,52.8
43,54.61
57,49.22
35,45.56
50,76.63
72,47.28
46,44.12
65,49.33
49,56.25
71,58.45
41,61.21
44,75.96
70,67.74
56,55.52
53,51.55
48,47.55
55,51.9
57,46.73
37,52.22
28,55.57
48,51.63
46,50.68
20,38.07
41,49.52
42,38.35
40,35.37
53,36.18
30,38.15
34,38.97
62,42.67
55,38.5
19,37.72
60,42.89
28,39.27
45,46.89
47,38.13
36,45.92
37,37.88
27,35.73
42,39.38
37,37.19
22,37.03
41,34.42
51,31.76
50,34.55
30,37.21
47,38.99
45,37.62
43,43.81
53,39.48
40,46.55
42,43.89
26,42.26
25,42.91
50,41.21
34,38.42
39,36.88
41,33.12
47,28.84
22,33.71
48,49.03
35,37.26
50,33.81
62,36.55
28,36.68
56,47.84
64,48.85
80,60.01
34,49.69
44,69.4
39,56.34
33,48.7
24,40.71
45,47.87
28,34.24
49,41.51
35,30.03
60,30.29
30,37.2
62,48.03
65,49.82
37,46.24
55,59.86
42,53.24
73,57.79
67,64.85
43,54.23
62,73.93
54,67.44
49,54.41
39,51.13
70,70.4
50,51.63
65,53.76
44,49.3
67,73.33
63,51.27
30,49.56
44,53.77
48,50.48
52,52.23
91,49.06
78,54.5
25,50.07
43,62.19
48,63.94
36,44.13
41,43.16
51,38.02
34,38.28
35,39.05
36,37.08
35,36.9
42,35.19
50,36.57
28,38.8
52,40.98
58,40.09
30,35.5
33,46.56
37,45.1
46,39.86
49,35.85
40,43.37
49,48.31
55,39.07
21,39.33
17,48.31
45,42.5
32,35.33
45,37.37
55,42.89
54,36.85
53,47.62
29,49.57
34,48.0
28,43.79
37,42.62
40,43.31
53,49.46
47,38.75
43,38.7
28,39.18
49,43.57
36,35.01
51,45.18
57,45.23
19,39.91
37,45.99
42,47.03
39,47.4
50,42.5
43,39.73
48,50.64
26,39.4
83,51.84
49,44.84
52,46.86
39,51.07
36,54.25
44,47.08
30,46.99
32,43.21
34,38.97
43,36.97
37,32.39
83,65.32
33,46.68
56,80.9
56,45.07
98,64.18
48,44.37
72,63.71
43,47.72
90,77.1
83,70.03
54,70.76
52,43.25
45,56.13
57,62.95
57,56.56
56,42.54
56,48.57
61,49.83
51,52.08
34,58.53
41,50.05
56,53.15
83,52.37
36,46.79
65,59.2
61,58.12
56,62.67
50,48.47
36,53.11
62,64.78
36,39.61
62,53.45
58,41.87
33,44.12
24,40.05
37,40.86
24,42.89
48,37.25
31,34.01
63,37.62
40,40.87
26,33.68
50,41.85
39,38.88
54,41.6
15,39.47
45,45.47
44,36.41
37,40.77
42,46.97
49,37.4
38,39.24
35,40.03
25,35.56
56,41.18
61,47.47
48,41.33
29,46.21
33,39.59
34,38.19
29,39.85
31,45.99
37,36.03
57,35.85
28,28.09
65,43.97
65,45.57
39,42.42
58,50.87
51,46.19
51,56.83
27,52.26
45,55.48
30,43.41
34,46.78
44,44.13
43,41.76
55,45.7
53,49.0
41,44.75
56,48.8
24,47.44
30,55.59
30,42.2
72,68.42
56,44.57
31,41.09
57,61.39
54,46.36
56,54.73
67,59.88
36,54.95
62,52.38
45,59.97
41,59.26
47,55.28
55,57.82
93,53.28
58,57.56
64,59.56
44,55.39
108,81.08
79,62.31
50,61.62
41,43.56
47,72.05
34,61.18
53,64.13
30,53.5
48,46.37
42,44.24
35,36.13
26,35.61
51,37.73
34,37.7
30,40.72
18,42.79
35,36.74
52,37.88
36,33.97
38,38.72
30,34.78
35,37.21
55,35.1
47,32.92
43,41.1
53,39.91
37,39.21
61,53.14
38,40.97
37,41.11
28,38.06
48,49.5
32,39.23
37,39.14
48,37.55
39,31.97
47,35.69
47,41.33
80,52.47
47,40.25
31,49.7
49,58.25
66,49.14
37,49.52
27,61.69
27,47.95
42,41.76
38,39.56
52,45.17
51,39.82
45,37.0
80,50.63
40,40.93
90,71.04
27,46.82
37,60.06
42,60.35
28,49.32
30,46.72
37,48.41
35,40.65
88,47.44
27,35.18
54,54.59
37,50.33
42,49.85
48,47.27
82,49.5
63,54.44
54,65.59
73,53.55
57,62.2
60,57.87
90,79.53
70,54.86
50,71.59
54,69.85
39,48.15
72,71.81
44,50.26
34,55.18
53,51.65
106,53.85
75,70.64
54,67.33
72,55.24
47,58.97
50,74.07
36,56.74
70,61.92
31,52.0
82,65.66
112,55.05
69,70.1
108,59.89
109,58.6
79,62.99
74,55.06
119,52.54
89,52.47
58,62.19
83,47.69
86,46.63
48,51.71
24,54.26
41,51.4
69,60.0
39,50.91
86,62.65
41,46.42
36,53.46
27,49.49
57,55.52
61,41.49
43,45.59
26,45.21
29,43.4
78,49.19
54,39.98
58,49.86
52,47.21
39,53.37
59,56.32
42,49.26
39,56.58
33,46.07
43,46.61
51,44.36
39,37.76
42,44.34
35,36.31
34,30.7
32,40.59
51,38.77
72,42.52
64,41.52
41,44.47
44,54.33
39,47.43
28,50.58
57,52.44
39,48.46
61,41.92
59,41.85
31,51.12
25,49.47
38,46.84
48,40.67
41,30.87
46,45.66
41,41.43
48,58.82
73,50.35
46,41.79
98,50.66
56,43.29
71,55.22
57,69.37
35,56.17
52,63.32
72,57.26
44,46.93
59,70.56
49,48.64
55,51.89
69,62.49
45,48.51
47,57.57
99,58.07
62,56.31
67,57.34
74,73.37
58,65.97
57,75.97
48,76.42
