date,store_id,item_id,sales,promotion,holiday
2023-01-01,1,A,70,0,1
2023-01-02,1,A,22,0,0
2023-01-03,1,A,25,0,0
2023-01-04,1,A,21,0,0
2023-01-05,1,A,23,0,0
2023-01-06,1,A,26,0,0
2023-01-07,1,A,58,1,0
2023-01-08,1,A,41,0,0
2023-01-09,1,A,13,0,0
2023-01-10,1,A,29,0,0
2023-01-11,1,A,37,1,0
2023-01-12,1,A,25,0,0
2023-01-13,1,A,26,0,0
2023-01-14,1,A,52,1,0
2023-01-15,1,A,32,0,0
2023-01-16,1,A,39,1,0
2023-01-17,1,A,25,0,0
2023-01-18,1,A,26,0,0
2023-01-19,1,A,31,0,0
2023-01-20,1,A,47,1,0
2023-01-21,1,A,28,0,0
2023-01-22,1,A,32,0,0
2023-01-23,1,A,27,0,0
2023-01-24,1,A,19,0,0
2023-01-25,1,A,28,1,0
2023-01-26,1,A,34,1,0
2023-01-27,1,A,30,0,0
2023-01-28,1,A,25,0,0
2023-01-29,1,A,53,1,0
2023-01-30,1,A,29,0,0
2023-01-31,1,A,26,0,0
2023-02-01,1,A,28,0,0
2023-02-02,1,A,17,0,0
2023-02-03,1,A,19,0,0
2023-02-04,1,A,37,0,0
2023-02-05,1,A,29,0,0
2023-02-06,1,A,27,0,0
2023-02-07,1,A,42,1,0
2023-02-08,1,A,35,1,0
2023-02-09,1,A,26,0,0
2023-02-10,1,A,31,0,0
2023-02-11,1,A,43,0,0
2023-02-12,1,A,36,0,0
2023-02-13,1,A,39,1,0
2023-02-14,1,A,22,0,0
2023-02-15,1,A,22,0,0
2023-02-16,1,A,25,0,0
2023-02-17,1,A,21,0,0
2023-02-18,1,A,65,1,0
2023-02-19,1,A,29,0,0
2023-02-20,1,A,31,0,0
2023-02-21,1,A,38,0,0
2023-02-22,1,A,48,1,0
2023-02-23,1,A,44,1,0
2023-02-24,1,A,23,0,0
2023-02-25,1,A,33,0,0
2023-02-26,1,A,39,0,0
2023-02-27,1,A,25,0,0
2023-02-28,1,A,30,0,0
2023-03-01,1,A,25,0,0
2023-03-02,1,A,22,0,0
2023-03-03,1,A,24,0,0
2023-03-04,1,A,29,0,0
2023-03-05,1,A,39,0,0
2023-03-06,1,A,28,0,0
2023-03-07,1,A,19,0,0
2023-03-08,1,A,22,0,0
2023-03-09,1,A,22,0,0
2023-03-10,1,A,24,0,0
2023-03-11,1,A,34,0,0
2023-03-12,1,A,36,0,0
2023-03-13,1,A,36,0,0
2023-03-14,1,A,23,0,0
2023-03-15,1,A,27,0,0
2023-03-16,1,A,26,0,0
2023-03-17,1,A,47,1,0
2023-03-18,1,A,37,0,0
2023-03-19,1,A,37,0,0
2023-03-20,1,A,31,0,0
2023-03-21,1,A,29,0,0
2023-03-22,1,A,31,0,0
2023-03-23,1,A,30,0,0
2023-03-24,1,A,26,0,0
2023-03-25,1,A,38,0,0
2023-03-26,1,A,58,1,0
2023-03-27,1,A,31,0,0
2023-03-28,1,A,22,0,0
2023-03-29,1,A,30,0,0
2023-03-30,1,A,32,1,0
2023-03-31,1,A,41,1,0
2023-04-01,1,A,58,1,0
2023-04-02,1,A,36,0,0
2023-04-03,1,A,31,0,0
2023-04-04,1,A,43,1,0
2023-04-05,1,A,31,0,0
2023-04-06,1,A,36,0,0
2023-04-07,1,A,40,1,0
2023-04-08,1,A,25,0,0
2023-04-09,1,A,46,1,0
2023-04-10,1,A,27,0,0
2023-04-11,1,A,22,0,0
2023-04-12,1,A,32,0,0
2023-04-13,1,A,20,0,0
2023-04-14,1,A,31,0,0
2023-04-15,1,A,58,1,0
2023-04-16,1,A,35,0,0
2023-04-17,1,A,34,0,0
2023-04-18,1,A,47,1,0
2023-04-19,1,A,41,0,0
2023-04-20,1,A,27,0,0
2023-04-21,1,A,27,0,0
2023-04-22,1,A,36,0,0
2023-04-23,1,A,56,1,0
2023-04-24,1,A,17,0,0
2023-04-25,1,A,40,1,0
2023-04-26,1,A,25,0,0
2023-04-27,1,A,16,0,0
2023-04-28,1,A,26,0,0
2023-04-29,1,A,57,1,0
2023-04-30,1,A,30,0,0
2023-05-01,1,A,22,0,0
2023-05-02,1,A,35,1,0
2023-05-03,1,A,30,0,0
2023-05-04,1,A,36,0,0
2023-05-05,1,A,31,0,0
2023-05-06,1,A,28,0,0
2023-05-07,1,A,30,0,0
2023-05-08,1,A,30,0,0
2023-05-09,1,A,28,0,0
2023-05-10,1,A,25,0,0
2023-05-11,1,A,23,0,0
2023-05-12,1,A,39,1,0
2023-05-13,1,A,52,1,0
2023-05-14,1,A,39,0,0
2023-05-15,1,A,17,0,0
2023-05-16,1,A,44,1,0
2023-05-17,1,A,27,0,0
2023-05-18,1,A,44,1,0
2023-05-19,1,A,36,0,0
2023-05-20,1,A,32,0,0
2023-05-21,1,A,35,0,0
2023-05-22,1,A,25,0,0
2023-05-23,1,A,24,0,0
2023-05-24,1,A,25,0,0
2023-05-25,1,A,26,0,0
2023-05-26,1,A,42,1,0
2023-05-27,1,A,34,0,0
2023-05-28,1,A,35,0,0
2023-05-29,1,A,43,1,0
2023-05-30,1,A,39,0,0
2023-05-31,1,A,22,0,0
2023-06-01,1,A,29,0,0
2023-06-02,1,A,31,0,0
2023-06-03,1,A,39,0,0
2023-06-04,1,A,34,0,0
2023-06-05,1,A,43,1,0
2023-06-06,1,A,42,1,0
2023-06-07,1,A,32,0,0
2023-06-08,1,A,31,0,0
2023-06-09,1,A,43,1,0
2023-06-10,1,A,61,1,0
2023-06-11,1,A,39,0,0
2023-06-12,1,A,29,0,0
2023-06-13,1,A,41,1,0
2023-06-14,1,A,30,0,0
2023-06-15,1,A,33,0,0
2023-06-16,1,A,25,0,0
2023-06-17,1,A,30,0,0
2023-06-18,1,A,43,0,0
2023-06-19,1,A,21,0,0
2023-06-20,1,A,22,0,0
2023-06-21,1,A,24,0,0
2023-06-22,1,A,31,0,0
2023-06-23,1,A,27,0,0
2023-06-24,1,A,37,0,0
2023-06-25,1,A,39,0,0
2023-06-26,1,A,36,0,0
2023-06-27,1,A,31,0,0
2023-06-28,1,A,33,0,0
2023-06-29,1,A,29,0,0
2023-06-30,1,A,34,0,0
2023-07-01,1,A,41,0,0
2023-07-02,1,A,35,0,0
2023-07-03,1,A,44,0,0
2023-07-04,1,A,30,0,0
2023-07-05,1,A,28,0,0
2023-07-06,1,A,24,0,0
2023-07-07,1,A,28,0,0
2023-07-08,1,A,30,0,0
2023-07-09,1,A,57,1,0
2023-07-10,1,A,37,0,0
2023-07-11,1,A,45,1,0
2023-07-12,1,A,29,0,0
2023-07-13,1,A,43,1,0
2023-07-14,1,A,26,0,0
2023-07-15,1,A,49,1,0
2023-07-16,1,A,29,0,0
2023-07-17,1,A,29,0,0
2023-07-18,1,A,41,1,0
2023-07-19,1,A,45,1,0
2023-07-20,1,A,35,0,0
2023-07-21,1,A,24,0,0
2023-07-22,1,A,32,0,0
2023-07-23,1,A,41,0,0
2023-07-24,1,A,26,0,0
2023-07-25,1,A,21,0,0
2023-07-26,1,A,32,0,0
2023-07-27,1,A,31,0,0
2023-07-28,1,A,26,0,0
2023-07-29,1,A,30,0,0
2023-07-30,1,A,24,0,0
2023-07-31,1,A,49,1,0
2023-08-01,1,A,34,1,0
2023-08-02,1,A,32,0,0
2023-08-03,1,A,42,1,0
2023-08-04,1,A,30,0,0
2023-08-05,1,A,35,0,0
2023-08-06,1,A,35,0,0
2023-08-07,1,A,39,1,0
2023-08-08,1,A,36,0,0
2023-08-09,1,A,39,1,0
2023-08-10,1,A,27,0,0
2023-08-11,1,A,23,0,0
2023-08-12,1,A,45,0,0
2023-08-13,1,A,31,0,0
2023-08-14,1,A,25,0,0
2023-08-15,1,A,26,0,0
2023-08-16,1,A,21,0,0
2023-08-17,1,A,28,0,0
2023-08-18,1,A,32,0,0
2023-08-19,1,A,50,1,0
2023-08-20,1,A,39,0,0
2023-08-21,1,A,31,0,0
2023-08-22,1,A,29,0,0
2023-08-23,1,A,35,0,0
2023-08-24,1,A,27,0,0
2023-08-25,1,A,31,0,0
2023-08-26,1,A,47,0,0
2023-08-27,1,A,65,1,0
2023-08-28,1,A,32,0,0
2023-08-29,1,A,25,0,0
2023-08-30,1,A,26,0,0
2023-08-31,1,A,31,0,0
2023-09-01,1,A,28,0,0
2023-09-02,1,A,20,0,0
2023-09-03,1,A,56,1,0
2023-09-04,1,A,26,0,0
2023-09-05,1,A,42,0,0
2023-09-06,1,A,35,0,0
2023-09-07,1,A,46,1,0
2023-09-08,1,A,29,0,0
2023-09-09,1,A,39,0,0
2023-09-10,1,A,39,0,0
2023-09-11,1,A,27,0,0
2023-09-12,1,A,28,0,0
2023-09-13,1,A,32,0,0
2023-09-14,1,A,28,0,0
2023-09-15,1,A,51,1,0
2023-09-16,1,A,30,0,0
2023-09-17,1,A,44,0,0
2023-09-18,1,A,32,0,0
2023-09-19,1,A,19,0,0
2023-09-20,1,A,37,0,0
2023-09-21,1,A,25,0,0
2023-09-22,1,A,34,0,0
2023-09-23,1,A,37,0,0
2023-09-24,1,A,51,1,0
2023-09-25,1,A,47,1,0
2023-09-26,1,A,28,0,0
2023-09-27,1,A,29,0,0
2023-09-28,1,A,33,0,0
2023-09-29,1,A,28,0,0
2023-09-30,1,A,35,0,0
2023-10-01,1,A,37,0,0
2023-10-02,1,A,23,0,0
2023-10-03,1,A,30,0,0
2023-10-04,1,A,30,0,0
2023-10-05,1,A,30,0,0
2023-10-06,1,A,48,1,0
2023-10-07,1,A,35,0,0
2023-10-08,1,A,41,0,0
2023-10-09,1,A,41,1,0
2023-10-10,1,A,24,0,0
2023-10-11,1,A,21,0,0
2023-10-12,1,A,31,0,0
2023-10-13,1,A,38,1,0
2023-10-14,1,A,31,0,0
2023-10-15,1,A,40,0,0
2023-10-16,1,A,36,0,0
2023-10-17,1,A,23,0,0
2023-10-18,1,A,32,0,0
2023-10-19,1,A,38,0,0
2023-10-20,1,A,22,0,0
2023-10-21,1,A,53,1,0
2023-10-22,1,A,39,0,0
2023-10-23,1,A,22,0,0
2023-10-24,1,A,44,1,0
2023-10-25,1,A,33,1,0
2023-10-26,1,A,34,0,0
2023-10-27,1,A,30,0,0
2023-10-28,1,A,68,1,0
2023-10-29,1,A,58,1,0
2023-10-30,1,A,21,0,0
2023-10-31,1,A,58,1,0
2023-11-01,1,A,33,0,0
2023-11-02,1,A,26,0,0
2023-11-03,1,A,29,0,0
2023-11-04,1,A,40,0,0
2023-11-05,1,A,63,1,0
2023-11-06,1,A,21,0,0
2023-11-07,1,A,40,0,0
2023-11-08,1,A,40,0,0
2023-11-09,1,A,42,0,0
2023-11-10,1,A,27,0,0
2023-11-11,1,A,41,0,0
2023-11-12,1,A,42,0,0
2023-11-13,1,A,49,1,0
2023-11-14,1,A,29,0,0
2023-11-15,1,A,33,0,0
2023-11-16,1,A,33,0,0
2023-11-17,1,A,28,0,0
2023-11-18,1,A,42,0,0
2023-11-19,1,A,38,0,0
2023-11-20,1,A,33,0,0
2023-11-21,1,A,39,0,0
2023-11-22,1,A,43,1,0
2023-11-23,1,A,19,0,0
2023-11-24,1,A,38,0,0
2023-11-25,1,A,43,0,0
2023-11-26,1,A,28,0,0
2023-11-27,1,A,19,0,0
2023-11-28,1,A,37,0,0
2023-11-29,1,A,26,0,0
2023-11-30,1,A,48,1,0
2023-12-01,1,A,33,0,0
2023-12-02,1,A,67,1,0
2023-12-03,1,A,44,0,0
2023-12-04,1,A,34,0,0
2023-12-05,1,A,30,0,0
2023-12-06,1,A,40,0,0
2023-12-07,1,A,19,0,0
2023-12-08,1,A,34,0,0
2023-12-09,1,A,56,0,0
2023-12-10,1,A,41,0,0
2023-12-11,1,A,37,0,0
2023-12-12,1,A,40,0,0
2023-12-13,1,A,25,0,0
2023-12-14,1,A,27,0,0
2023-12-15,1,A,34,0,0
2023-12-16,1,A,41,0,0
2023-12-17,1,A,44,0,0
2023-12-18,1,A,26,0,0
2023-12-19,1,A,28,0,0
2023-12-20,1,A,37,0,0
2023-12-21,1,A,27,0,0
2023-12-22,1,A,28,0,0
2023-12-23,1,A,54,1,0
2023-12-24,1,A,34,0,0
2023-12-25,1,A,69,0,1
2023-12-26,1,A,27,0,0
2023-12-27,1,A,26,0,0
2023-12-28,1,A,32,0,0
2023-12-29,1,A,46,1,0
2023-12-30,1,A,44,0,0
2023-12-31,1,A,58,1,0
2023-01-01,1,B,120,0,1
2023-01-02,1,B,32,0,0
2023-01-03,1,B,68,1,0
2023-01-04,1,B,55,0,0
2023-01-05,1,B,51,0,0
2023-01-06,1,B,44,0,0
2023-01-07,1,B,54,0,0
2023-01-08,1,B,102,1,0
2023-01-09,1,B,46,0,0
2023-01-10,1,B,47,0,0
2023-01-11,1,B,45,0,0
2023-01-12,1,B,46,0,0
2023-01-13,1,B,43,0,0
2023-01-14,1,B,58,0,0
2023-01-15,1,B,67,0,0
2023-01-16,1,B,52,0,0
2023-01-17,1,B,36,0,0
2023-01-18,1,B,39,0,0
2023-01-19,1,B,42,0,0
2023-01-20,1,B,51,0,0
2023-01-21,1,B,66,0,0
2023-01-22,1,B,64,0,0
2023-01-23,1,B,40,0,0
2023-01-24,1,B,43,0,0
2023-01-25,1,B,49,0,0
2023-01-26,1,B,45,0,0
2023-01-27,1,B,44,0,0
2023-01-28,1,B,89,1,0
2023-01-29,1,B,66,0,0
2023-01-30,1,B,49,0,0
2023-01-31,1,B,45,0,0
2023-02-01,1,B,48,0,0
2023-02-02,1,B,40,0,0
2023-02-03,1,B,67,1,0
2023-02-04,1,B,66,0,0
2023-02-05,1,B,53,0,0
2023-02-06,1,B,49,0,0
2023-02-07,1,B,36,0,0
2023-02-08,1,B,55,0,0
2023-02-09,1,B,67,1,0
2023-02-10,1,B,72,1,0
2023-02-11,1,B,61,0,0
2023-02-12,1,B,61,0,0
2023-02-13,1,B,48,0,0
2023-02-14,1,B,38,0,0
2023-02-15,1,B,48,0,0
2023-02-16,1,B,69,1,0
2023-02-17,1,B,44,0,0
2023-02-18,1,B,57,0,0
2023-02-19,1,B,93,1,0
2023-02-20,1,B,42,0,0
2023-02-21,1,B,52,0,0
2023-02-22,1,B,49,0,0
2023-02-23,1,B,48,0,0
2023-02-24,1,B,52,0,0
2023-02-25,1,B,52,0,0
2023-02-26,1,B,55,0,0
2023-02-27,1,B,50,0,0
2023-02-28,1,B,43,0,0
2023-03-01,1,B,44,0,0
2023-03-02,1,B,40,0,0
2023-03-03,1,B,42,0,0
2023-03-04,1,B,67,0,0
2023-03-05,1,B,64,0,0
2023-03-06,1,B,48,0,0
2023-03-07,1,B,44,0,0
2023-03-08,1,B,48,0,0
2023-03-09,1,B,53,0,0
2023-03-10,1,B,44,0,0
2023-03-11,1,B,61,0,0
2023-03-12,1,B,70,0,0
2023-03-13,1,B,51,0,0
2023-03-14,1,B,45,0,0
2023-03-15,1,B,50,0,0
2023-03-16,1,B,40,0,0
2023-03-17,1,B,47,0,0
2023-03-18,1,B,65,0,0
2023-03-19,1,B,64,0,0
2023-03-20,1,B,75,1,0
2023-03-21,1,B,52,0,0
2023-03-22,1,B,50,0,0
2023-03-23,1,B,50,0,0
2023-03-24,1,B,49,0,0
2023-03-25,1,B,57,0,0
2023-03-26,1,B,99,1,0
2023-03-27,1,B,72,1,0
2023-03-28,1,B,75,1,0
2023-03-29,1,B,77,1,0
2023-03-30,1,B,45,0,0
2023-03-31,1,B,46,0,0
2023-04-01,1,B,61,0,0
2023-04-02,1,B,69,0,0
2023-04-03,1,B,43,0,0
2023-04-04,1,B,55,0,0
2023-04-05,1,B,49,0,0
2023-04-06,1,B,49,0,0
2023-04-07,1,B,52,0,0
2023-04-08,1,B,63,0,0
2023-04-09,1,B,99,1,0
2023-04-10,1,B,45,0,0
2023-04-11,1,B,55,0,0
2023-04-12,1,B,46,0,0
2023-04-13,1,B,55,0,0
2023-04-14,1,B,46,0,0
2023-04-15,1,B,61,0,0
2023-04-16,1,B,58,0,0
2023-04-17,1,B,44,0,0
2023-04-18,1,B,48,0,0
2023-04-19,1,B,49,0,0
2023-04-20,1,B,53,0,0
2023-04-21,1,B,72,1,0
2023-04-22,1,B,57,0,0
2023-04-23,1,B,97,1,0
2023-04-24,1,B,49,0,0
2023-04-25,1,B,51,0,0
2023-04-26,1,B,45,0,0
2023-04-27,1,B,46,0,0
2023-04-28,1,B,45,0,0
2023-04-29,1,B,69,0,0
2023-04-30,1,B,102,1,0
2023-05-01,1,B,46,0,0
2023-05-02,1,B,46,0,0
2023-05-03,1,B,52,0,0
2023-05-04,1,B,56,0,0
2023-05-05,1,B,58,0,0
2023-05-06,1,B,92,1,0
2023-05-07,1,B,94,1,0
2023-05-08,1,B,75,1,0
2023-05-09,1,B,50,0,0
2023-05-10,1,B,48,0,0
2023-05-11,1,B,45,0,0
2023-05-12,1,B,49,0,0
2023-05-13,1,B,73,0,0
2023-05-14,1,B,61,0,0
2023-05-15,1,B,75,1,0
2023-05-16,1,B,62,0,0
2023-05-17,1,B,71,1,0
2023-05-18,1,B,52,0,0
2023-05-19,1,B,58,0,0
2023-05-20,1,B,99,1,0
2023-05-21,1,B,102,1,0
2023-05-22,1,B,78,1,0
2023-05-23,1,B,52,0,0
2023-05-24,1,B,56,0,0
2023-05-25,1,B,52,0,0
2023-05-26,1,B,73,1,0
2023-05-27,1,B,65,0,0
2023-05-28,1,B,66,0,0
2023-05-29,1,B,72,1,0
2023-05-30,1,B,50,0,0
2023-05-31,1,B,50,0,0
2023-06-01,1,B,53,0,0
2023-06-02,1,B,60,0,0
2023-06-03,1,B,66,0,0
2023-06-04,1,B,105,1,0
2023-06-05,1,B,52,0,0
2023-06-06,1,B,50,0,0
2023-06-07,1,B,72,1,0
2023-06-08,1,B,50,0,0
2023-06-09,1,B,50,0,0
2023-06-10,1,B,61,0,0
2023-06-11,1,B,62,0,0
2023-06-12,1,B,51,0,0
2023-06-13,1,B,57,0,0
2023-06-14,1,B,49,0,0
2023-06-15,1,B,42,0,0
2023-06-16,1,B,39,0,0
2023-06-17,1,B,60,0,0
2023-06-18,1,B,68,0,0
2023-06-19,1,B,43,0,0
2023-06-20,1,B,79,1,0
2023-06-21,1,B,53,0,0
2023-06-22,1,B,49,0,0
2023-06-23,1,B,42,0,0
2023-06-24,1,B,94,1,0
2023-06-25,1,B,64,0,0
2023-06-26,1,B,52,0,0
2023-06-27,1,B,44,0,0
2023-06-28,1,B,82,1,0
2023-06-29,1,B,52,0,0
2023-06-30,1,B,52,0,0
2023-07-01,1,B,101,1,0
2023-07-02,1,B,72,0,0
2023-07-03,1,B,51,0,0
2023-07-04,1,B,54,0,0
2023-07-05,1,B,47,0,0
2023-07-06,1,B,59,0,0
2023-07-07,1,B,51,0,0
2023-07-08,1,B,62,0,0
2023-07-09,1,B,63,0,0
2023-07-10,1,B,41,0,0
2023-07-11,1,B,48,0,0
2023-07-12,1,B,38,0,0
2023-07-13,1,B,54,0,0
2023-07-14,1,B,53,0,0
2023-07-15,1,B,61,0,0
2023-07-16,1,B,66,0,0
2023-07-17,1,B,76,1,0
2023-07-18,1,B,45,0,0
2023-07-19,1,B,49,0,0
2023-07-20,1,B,51,0,0
2023-07-21,1,B,49,0,0
2023-07-22,1,B,63,0,0
2023-07-23,1,B,61,0,0
2023-07-24,1,B,49,0,0
2023-07-25,1,B,48,0,0
2023-07-26,1,B,54,0,0
2023-07-27,1,B,58,0,0
2023-07-28,1,B,55,0,0
2023-07-29,1,B,100,1,0
2023-07-30,1,B,63,0,0
2023-07-31,1,B,81,1,0
2023-08-01,1,B,54,0,0
2023-08-02,1,B,83,1,0
2023-08-03,1,B,52,0,0
2023-08-04,1,B,60,0,0
2023-08-05,1,B,67,0,0
2023-08-06,1,B,63,0,0
2023-08-07,1,B,74,1,0
2023-08-08,1,B,54,0,0
2023-08-09,1,B,48,0,0
2023-08-10,1,B,60,0,0
2023-08-11,1,B,53,0,0
2023-08-12,1,B,100,1,0
2023-08-13,1,B,67,0,0
2023-08-14,1,B,50,0,0
2023-08-15,1,B,69,1,0
2023-08-16,1,B,49,0,0
2023-08-17,1,B,59,0,0
2023-08-18,1,B,52,0,0
2023-08-19,1,B,72,0,0
2023-08-20,1,B,72,0,0
2023-08-21,1,B,77,1,0
2023-08-22,1,B,55,0,0
2023-08-23,1,B,70,1,0
2023-08-24,1,B,59,0,0
2023-08-25,1,B,58,0,0
2023-08-26,1,B,70,0,0
2023-08-27,1,B,68,0,0
2023-08-28,1,B,51,0,0
2023-08-29,1,B,57,0,0
2023-08-30,1,B,82,1,0
2023-08-31,1,B,37,0,0
2023-09-01,1,B,50,0,0
2023-09-02,1,B,96,1,0
2023-09-03,1,B,61,0,0
2023-09-04,1,B,58,0,0
2023-09-05,1,B,52,0,0
2023-09-06,1,B,54,0,0
2023-09-07,1,B,52,0,0
2023-09-08,1,B,45,0,0
2023-09-09,1,B,94,1,0
2023-09-10,1,B,65,0,0
2023-09-11,1,B,50,0,0
2023-09-12,1,B,50,0,0
2023-09-13,1,B,50,0,0
2023-09-14,1,B,89,1,0
2023-09-15,1,B,83,1,0
2023-09-16,1,B,69,0,0
2023-09-17,1,B,67,0,0
2023-09-18,1,B,52,0,0
2023-09-19,1,B,82,1,0
2023-09-20,1,B,52,0,0
2023-09-21,1,B,57,0,0
2023-09-22,1,B,54,0,0
2023-09-23,1,B,78,0,0
2023-09-24,1,B,67,0,0
2023-09-25,1,B,58,0,0
2023-09-26,1,B,47,0,0
2023-09-27,1,B,49,0,0
2023-09-28,1,B,88,1,0
2023-09-29,1,B,57,0,0
2023-09-30,1,B,105,1,0
2023-10-01,1,B,80,0,0
2023-10-02,1,B,79,1,0
2023-10-03,1,B,58,0,0
2023-10-04,1,B,58,0,0
2023-10-05,1,B,61,0,0
2023-10-06,1,B,47,0,0
2023-10-07,1,B,68,0,0
2023-10-08,1,B,105,1,0
2023-10-09,1,B,61,0,0
2023-10-10,1,B,81,1,0
2023-10-11,1,B,59,0,0
2023-10-12,1,B,73,1,0
2023-10-13,1,B,51,0,0
2023-10-14,1,B,110,1,0
2023-10-15,1,B,68,0,0
2023-10-16,1,B,53,0,0
2023-10-17,1,B,61,0,0
2023-10-18,1,B,49,0,0
2023-10-19,1,B,50,0,0
2023-10-20,1,B,46,0,0
2023-10-21,1,B,77,0,0
2023-10-22,1,B,74,0,0
2023-10-23,1,B,58,0,0
2023-10-24,1,B,51,0,0
2023-10-25,1,B,46,0,0
2023-10-26,1,B,45,0,0
2023-10-27,1,B,60,0,0
2023-10-28,1,B,107,1,0
2023-10-29,1,B,73,0,0
2023-10-30,1,B,55,0,0
2023-10-31,1,B,76,1,0
2023-11-01,1,B,52,0,0
2023-11-02,1,B,48,0,0
2023-11-03,1,B,75,1,0
2023-11-04,1,B,74,0,0
2023-11-05,1,B,62,0,0
2023-11-06,1,B,48,0,0
2023-11-07,1,B,52,0,0
2023-11-08,1,B,54,0,0
2023-11-09,1,B,47,0,0
2023-11-10,1,B,45,0,0
2023-11-11,1,B,107,1,0
2023-11-12,1,B,71,0,0
2023-11-13,1,B,60,0,0
2023-11-14,1,B,54,0,0
2023-11-15,1,B,83,1,0
2023-11-16,1,B,77,1,0
2023-11-17,1,B,50,0,0
2023-11-18,1,B,64,0,0
2023-11-19,1,B,66,0,0
2023-11-20,1,B,52,0,0
2023-11-21,1,B,60,0,0
2023-11-22,1,B,50,0,0
2023-11-23,1,B,64,0,0
2023-11-24,1,B,57,0,0
2023-11-25,1,B,72,0,0
2023-11-26,1,B,70,0,0
2023-11-27,1,B,53,0,0
2023-11-28,1,B,51,0,0
2023-11-29,1,B,47,0,0
2023-11-30,1,B,50,0,0
2023-12-01,1,B,62,0,0
2023-12-02,1,B,73,0,0
2023-12-03,1,B,78,0,0
2023-12-04,1,B,51,0,0
2023-12-05,1,B,49,0,0
2023-12-06,1,B,54,0,0
2023-12-07,1,B,50,0,0
2023-12-08,1,B,83,1,0
2023-12-09,1,B,98,1,0
2023-12-10,1,B,61,0,0
2023-12-11,1,B,56,0,0
2023-12-12,1,B,63,0,0
2023-12-13,1,B,56,0,0
2023-12-14,1,B,57,0,0
2023-12-15,1,B,55,0,0
2023-12-16,1,B,72,0,0
2023-12-17,1,B,64,0,0
2023-12-18,1,B,51,0,0
2023-12-19,1,B,61,0,0
2023-12-20,1,B,49,0,0
2023-12-21,1,B,80,1,0
2023-12-22,1,B,88,1,0
2023-12-23,1,B,72,0,0
2023-12-24,1,B,72,0,0
2023-12-25,1,B,108,0,1
2023-12-26,1,B,86,1,0
2023-12-27,1,B,59,0,0
2023-12-28,1,B,51,0,0
2023-12-29,1,B,48,0,0
2023-12-30,1,B,98,1,0
2023-12-31,1,B,74,0,0
2023-01-01,1,C,165,1,1
2023-01-02,1,C,49,0,0
2023-01-03,1,C,29,0,0
2023-01-04,1,C,42,0,0
2023-01-05,1,C,43,0,0
2023-01-06,1,C,52,0,0
2023-01-07,1,C,57,0,0
2023-01-08,1,C,52,0,0
2023-01-09,1,C,40,0,0
2023-01-10,1,C,60,1,0
2023-01-11,1,C,42,0,0
2023-01-12,1,C,45,0,0
2023-01-13,1,C,37,0,0
2023-01-14,1,C,84,1,0
2023-01-15,1,C,84,1,0
2023-01-16,1,C,62,1,0
2023-01-17,1,C,42,0,0
2023-01-18,1,C,37,0,0
2023-01-19,1,C,43,0,0
2023-01-20,1,C,58,1,0
2023-01-21,1,C,86,1,0
2023-01-22,1,C,52,0,0
2023-01-23,1,C,34,0,0
2023-01-24,1,C,48,0,0
2023-01-25,1,C,39,0,0
2023-01-26,1,C,39,0,0
2023-01-27,1,C,35,0,0
2023-01-28,1,C,59,0,0
2023-01-29,1,C,51,0,0
2023-01-30,1,C,39,0,0
2023-01-31,1,C,36,0,0
2023-02-01,1,C,45,0,0
2023-02-02,1,C,45,0,0
2023-02-03,1,C,59,1,0
2023-02-04,1,C,53,0,0
2023-02-05,1,C,62,0,0
2023-02-06,1,C,33,0,0
2023-02-07,1,C,56,0,0
2023-02-08,1,C,41,0,0
2023-02-09,1,C,37,0,0
2023-02-10,1,C,37,0,0
2023-02-11,1,C,58,0,0
2023-02-12,1,C,57,0,0
2023-02-13,1,C,48,0,0
2023-02-14,1,C,42,0,0
2023-02-15,1,C,40,0,0
2023-02-16,1,C,34,0,0
2023-02-17,1,C,43,0,0
2023-02-18,1,C,54,0,0
2023-02-19,1,C,58,0,0
2023-02-20,1,C,69,1,0
2023-02-21,1,C,44,0,0
2023-02-22,1,C,67,1,0
2023-02-23,1,C,65,1,0
2023-02-24,1,C,44,0,0
2023-02-25,1,C,55,0,0
2023-02-26,1,C,56,0,0
2023-02-27,1,C,49,0,0
2023-02-28,1,C,45,0,0
2023-03-01,1,C,42,0,0
2023-03-02,1,C,62,1,0
2023-03-03,1,C,43,0,0
2023-03-04,1,C,61,0,0
2023-03-05,1,C,59,0,0
2023-03-06,1,C,31,0,0
2023-03-07,1,C,44,0,0
2023-03-08,1,C,62,1,0
2023-03-09,1,C,49,0,0
2023-03-10,1,C,39,0,0
2023-03-11,1,C,55,0,0
2023-03-12,1,C,81,1,0
2023-03-13,1,C,69,1,0
2023-03-14,1,C,42,0,0
2023-03-15,1,C,64,1,0
2023-03-16,1,C,42,0,0
2023-03-17,1,C,47,0,0
2023-03-18,1,C,56,0,0
2023-03-19,1,C,80,1,0
2023-03-20,1,C,38,0,0
2023-03-21,1,C,45,0,0
2023-03-22,1,C,39,0,0
2023-03-23,1,C,44,0,0
2023-03-24,1,C,38,0,0
2023-03-25,1,C,55,0,0
2023-03-26,1,C,85,1,0
2023-03-27,1,C,54,0,0
2023-03-28,1,C,59,1,0
2023-03-29,1,C,71,1,0
2023-03-30,1,C,54,0,0
2023-03-31,1,C,47,0,0
2023-04-01,1,C,87,1,0
2023-04-02,1,C,65,0,0
2023-04-03,1,C,49,0,0
2023-04-04,1,C,40,0,0
2023-04-05,1,C,41,0,0
2023-04-06,1,C,45,0,0
2023-04-07,1,C,44,0,0
2023-04-08,1,C,60,0,0
2023-04-09,1,C,64,0,0
2023-04-10,1,C,41,0,0
2023-04-11,1,C,45,0,0
2023-04-12,1,C,62,1,0
2023-04-13,1,C,45,0,0
2023-04-14,1,C,60,1,0
2023-04-15,1,C,55,0,0
2023-04-16,1,C,60,0,0
2023-04-17,1,C,60,1,0
2023-04-18,1,C,49,0,0
2023-04-19,1,C,74,1,0
2023-04-20,1,C,49,0,0
2023-04-21,1,C,50,0,0
2023-04-22,1,C,87,1,0
2023-04-23,1,C,90,1,0
2023-04-24,1,C,50,0,0
2023-04-25,1,C,68,1,0
2023-04-26,1,C,27,0,0
2023-04-27,1,C,50,0,0
2023-04-28,1,C,47,0,0
2023-04-29,1,C,56,0,0
2023-04-30,1,C,56,0,0
2023-05-01,1,C,44,0,0
2023-05-02,1,C,50,0,0
2023-05-03,1,C,48,0,0
2023-05-04,1,C,39,0,0
2023-05-05,1,C,52,0,0
2023-05-06,1,C,66,0,0
2023-05-07,1,C,53,0,0
2023-05-08,1,C,46,0,0
2023-05-09,1,C,45,0,0
2023-05-10,1,C,51,0,0
2023-05-11,1,C,40,0,0
2023-05-12,1,C,48,0,0
2023-05-13,1,C,61,0,0
2023-05-14,1,C,62,0,0
2023-05-15,1,C,47,0,0
2023-05-16,1,C,39,0,0
2023-05-17,1,C,49,0,0
2023-05-18,1,C,72,1,0
2023-05-19,1,C,46,0,0
2023-05-20,1,C,59,0,0
2023-05-21,1,C,67,0,0
2023-05-22,1,C,53,0,0
2023-05-23,1,C,65,1,0
2023-05-24,1,C,47,0,0
2023-05-25,1,C,31,0,0
2023-05-26,1,C,64,1,0
2023-05-27,1,C,56,0,0
2023-05-28,1,C,89,1,0
2023-05-29,1,C,66,1,0
2023-05-30,1,C,63,1,0
2023-05-31,1,C,40,0,0
2023-06-01,1,C,40,0,0
2023-06-02,1,C,62,1,0
2023-06-03,1,C,79,1,0
2023-06-04,1,C,60,0,0
2023-06-05,1,C,44,0,0
2023-06-06,1,C,35,0,0
2023-06-07,1,C,49,0,0
2023-06-08,1,C,44,0,0
2023-06-09,1,C,44,0,0
2023-06-10,1,C,65,0,0
2023-06-11,1,C,57,0,0
2023-06-12,1,C,47,0,0
2023-06-13,1,C,45,0,0
2023-06-14,1,C,43,0,0
2023-06-15,1,C,40,0,0
2023-06-16,1,C,64,1,0
2023-06-17,1,C,58,0,0
2023-06-18,1,C,64,0,0
2023-06-19,1,C,34,0,0
2023-06-20,1,C,39,0,0
2023-06-21,1,C,71,1,0
2023-06-22,1,C,48,0,0
2023-06-23,1,C,41,0,0
2023-06-24,1,C,59,0,0
2023-06-25,1,C,65,0,0
2023-06-26,1,C,44,0,0
2023-06-27,1,C,47,0,0
2023-06-28,1,C,69,1,0
2023-06-29,1,C,53,0,0
2023-06-30,1,C,77,1,0
2023-07-01,1,C,61,0,0
2023-07-02,1,C,61,0,0
2023-07-03,1,C,42,0,0
2023-07-04,1,C,46,0,0
2023-07-05,1,C,49,0,0
2023-07-06,1,C,41,0,0
2023-07-07,1,C,46,0,0
2023-07-08,1,C,66,0,0
2023-07-09,1,C,57,0,0
2023-07-10,1,C,42,0,0
2023-07-11,1,C,45,0,0
2023-07-12,1,C,52,0,0
2023-07-13,1,C,42,0,0
2023-07-14,1,C,40,0,0
2023-07-15,1,C,93,1,0
2023-07-16,1,C,70,0,0
2023-07-17,1,C,37,0,0
2023-07-18,1,C,50,0,0
2023-07-19,1,C,45,0,0
2023-07-20,1,C,44,0,0
2023-07-21,1,C,47,0,0
2023-07-22,1,C,57,0,0
2023-07-23,1,C,65,0,0
2023-07-24,1,C,65,1,0
2023-07-25,1,C,75,1,0
2023-07-26,1,C,48,0,0
2023-07-27,1,C,43,0,0
2023-07-28,1,C,72,1,0
2023-07-29,1,C,57,0,0
2023-07-30,1,C,58,0,0
2023-07-31,1,C,49,0,0
2023-08-01,1,C,64,1,0
2023-08-02,1,C,65,1,0
2023-08-03,1,C,48,0,0
2023-08-04,1,C,50,0,0
2023-08-05,1,C,61,0,0
2023-08-06,1,C,61,0,0
2023-08-07,1,C,44,0,0
2023-08-08,1,C,78,1,0
2023-08-09,1,C,49,0,0
2023-08-10,1,C,41,0,0
2023-08-11,1,C,51,0,0
2023-08-12,1,C,95,1,0
2023-08-13,1,C,59,0,0
2023-08-14,1,C,43,0,0
2023-08-15,1,C,49,0,0
2023-08-16,1,C,65,1,0
2023-08-17,1,C,46,0,0
2023-08-18,1,C,67,1,0
2023-08-19,1,C,58,0,0
2023-08-20,1,C,60,0,0
2023-08-21,1,C,49,0,0
2023-08-22,1,C,48,0,0
2023-08-23,1,C,75,1,0
2023-08-24,1,C,49,0,0
2023-08-25,1,C,39,0,0
2023-08-26,1,C,54,0,0
2023-08-27,1,C,60,0,0
2023-08-28,1,C,66,1,0
2023-08-29,1,C,47,0,0
2023-08-30,1,C,46,0,0
2023-08-31,1,C,73,1,0
2023-09-01,1,C,67,1,0
2023-09-02,1,C,97,1,0
2023-09-03,1,C,95,1,0
2023-09-04,1,C,57,0,0
2023-09-05,1,C,52,0,0
2023-09-06,1,C,40,0,0
2023-09-07,1,C,46,0,0
2023-09-08,1,C,39,0,0
2023-09-09,1,C,95,1,0
2023-09-10,1,C,65,0,0
2023-09-11,1,C,43,0,0
2023-09-12,1,C,41,0,0
2023-09-13,1,C,65,1,0
2023-09-14,1,C,54,0,0
2023-09-15,1,C,48,0,0
2023-09-16,1,C,66,0,0
2023-09-17,1,C,58,0,0
2023-09-18,1,C,43,0,0
2023-09-19,1,C,44,0,0
2023-09-20,1,C,45,0,0
2023-09-21,1,C,72,1,0
2023-09-22,1,C,45,0,0
2023-09-23,1,C,95,1,0
2023-09-24,1,C,60,0,0
2023-09-25,1,C,43,0,0
2023-09-26,1,C,47,0,0
2023-09-27,1,C,51,0,0
2023-09-28,1,C,44,0,0
2023-09-29,1,C,50,0,0
2023-09-30,1,C,61,0,0
2023-10-01,1,C,85,1,0
2023-10-02,1,C,52,0,0
2023-10-03,1,C,47,0,0
2023-10-04,1,C,52,0,0
2023-10-05,1,C,49,0,0
2023-10-06,1,C,41,0,0
2023-10-07,1,C,50,0,0
2023-10-08,1,C,56,0,0
2023-10-09,1,C,35,0,0
2023-10-10,1,C,50,0,0
2023-10-11,1,C,49,0,0
2023-10-12,1,C,41,0,0
2023-10-13,1,C,46,0,0
2023-10-14,1,C,67,0,0
2023-10-15,1,C,60,0,0
2023-10-16,1,C,78,1,0
2023-10-17,1,C,49,0,0
2023-10-18,1,C,47,0,0
2023-10-19,1,C,49,0,0
2023-10-20,1,C,71,1,0
2023-10-21,1,C,57,0,0
2023-10-22,1,C,89,1,0
2023-10-23,1,C,52,0,0
2023-10-24,1,C,52,0,0
2023-10-25,1,C,50,0,0
2023-10-26,1,C,46,0,0
2023-10-27,1,C,51,0,0
2023-10-28,1,C,92,1,0
2023-10-29,1,C,64,0,0
2023-10-30,1,C,47,0,0
2023-10-31,1,C,53,0,0
2023-11-01,1,C,57,0,0
2023-11-02,1,C,43,0,0
2023-11-03,1,C,73,1,0
2023-11-04,1,C,76,0,0
2023-11-05,1,C,62,0,0
2023-11-06,1,C,47,0,0
2023-11-07,1,C,55,0,0
2023-11-08,1,C,74,1,0
2023-11-09,1,C,75,1,0
2023-11-10,1,C,58,0,0
2023-11-11,1,C,68,0,0
2023-11-12,1,C,95,1,0
2023-11-13,1,C,55,0,0
2023-11-14,1,C,48,0,0
2023-11-15,1,C,47,0,0
2023-11-16,1,C,54,0,0
2023-11-17,1,C,50,0,0
2023-11-18,1,C,69,0,0
2023-11-19,1,C,75,0,0
2023-11-20,1,C,42,0,0
2023-11-21,1,C,48,0,0
2023-11-22,1,C,49,0,0
2023-11-23,1,C,43,0,0
2023-11-24,1,C,49,0,0
2023-11-25,1,C,65,0,0
2023-11-26,1,C,53,0,0
2023-11-27,1,C,55,0,0
2023-11-28,1,C,47,0,0
2023-11-29,1,C,50,0,0
2023-11-30,1,C,80,1,0
2023-12-01,1,C,45,0,0
2023-12-02,1,C,65,0,0
2023-12-03,1,C,91,1,0
2023-12-04,1,C,50,0,0
2023-12-05,1,C,49,0,0
2023-12-06,1,C,53,0,0
2023-12-07,1,C,49,0,0
2023-12-08,1,C,43,0,0
2023-12-09,1,C,90,1,0
2023-12-10,1,C,57,0,0
2023-12-11,1,C,50,0,0
2023-12-12,1,C,50,0,0
2023-12-13,1,C,49,0,0
2023-12-14,1,C,51,0,0
2023-12-15,1,C,53,0,0
2023-12-16,1,C,62,0,0
2023-12-17,1,C,93,1,0
2023-12-18,1,C,52,0,0
2023-12-19,1,C,53,0,0
2023-12-20,1,C,47,0,0
2023-12-21,1,C,51,0,0
2023-12-22,1,C,48,0,0
2023-12-23,1,C,60,0,0
2023-12-24,1,C,70,0,0
2023-12-25,1,C,109,0,1
2023-12-26,1,C,48,0,0
2023-12-27,1,C,78,1,0
2023-12-28,1,C,51,0,0
2023-12-29,1,C,41,0,0
2023-12-30,1,C,71,0,0
2023-12-31,1,C,67,0,0
2023-01-01,1,D,70,0,1
2023-01-02,1,D,23,0,0
2023-01-03,1,D,30,1,0
2023-01-04,1,D,25,0,0
2023-01-05,1,D,29,0,0
2023-01-06,1,D,27,0,0
2023-01-07,1,D,27,0,0
2023-01-08,1,D,44,0,0
2023-01-09,1,D,34,1,0
2023-01-10,1,D,42,1,0
2023-01-11,1,D,22,0,0
2023-01-12,1,D,29,0,0
2023-01-13,1,D,35,1,0
2023-01-14,1,D,30,0,0
2023-01-15,1,D,36,0,0
2023-01-16,1,D,33,0,0
2023-01-17,1,D,23,0,0
2023-01-18,1,D,22,0,0
2023-01-19,1,D,20,0,0
2023-01-20,1,D,31,1,0
2023-01-21,1,D,43,1,0
2023-01-22,1,D,28,0,0
2023-01-23,1,D,28,0,0
2023-01-24,1,D,26,0,0
2023-01-25,1,D,27,0,0
2023-01-26,1,D,27,0,0
2023-01-27,1,D,30,0,0
2023-01-28,1,D,43,1,0
2023-01-29,1,D,32,0,0
2023-01-30,1,D,16,0,0
2023-01-31,1,D,16,0,0
2023-02-01,1,D,24,0,0
2023-02-02,1,D,35,1,0
2023-02-03,1,D,24,0,0
2023-02-04,1,D,34,0,0
2023-02-05,1,D,39,0,0
2023-02-06,1,D,24,0,0
2023-02-07,1,D,23,0,0
2023-02-08,1,D,20,0,0
2023-02-09,1,D,28,0,0
2023-02-10,1,D,33,1,0
2023-02-11,1,D,30,0,0
2023-02-12,1,D,35,0,0
2023-02-13,1,D,24,0,0
2023-02-14,1,D,24,0,0
2023-02-15,1,D,20,0,0
2023-02-16,1,D,38,1,0
2023-02-17,1,D,35,0,0
2023-02-18,1,D,25,0,0
2023-02-19,1,D,26,0,0
2023-02-20,1,D,28,0,0
2023-02-21,1,D,38,1,0
2023-02-22,1,D,31,0,0
2023-02-23,1,D,21,0,0
2023-02-24,1,D,29,0,0
2023-02-25,1,D,33,0,0
2023-02-26,1,D,27,0,0
2023-02-27,1,D,21,0,0
2023-02-28,1,D,24,0,0
2023-03-01,1,D,20,0,0
2023-03-02,1,D,30,0,0
2023-03-03,1,D,28,0,0
2023-03-04,1,D,29,0,0
2023-03-05,1,D,31,0,0
2023-03-06,1,D,42,1,0
2023-03-07,1,D,24,0,0
2023-03-08,1,D,34,0,0
2023-03-09,1,D,27,0,0
2023-03-10,1,D,20,0,0
2023-03-11,1,D,43,1,0
2023-03-12,1,D,37,0,0
2023-03-13,1,D,22,0,0
2023-03-14,1,D,25,0,0
2023-03-15,1,D,23,1,0
2023-03-16,1,D,25,0,0
2023-03-17,1,D,17,0,0
2023-03-18,1,D,25,0,0
2023-03-19,1,D,38,0,0
2023-03-20,1,D,35,1,0
2023-03-21,1,D,23,0,0
2023-03-22,1,D,48,1,0
2023-03-23,1,D,29,0,0
2023-03-24,1,D,33,0,0
2023-03-25,1,D,39,0,0
2023-03-26,1,D,36,0,0
2023-03-27,1,D,32,0,0
2023-03-28,1,D,21,0,0
2023-03-29,1,D,33,1,0
2023-03-30,1,D,18,0,0
2023-03-31,1,D,16,0,0
2023-04-01,1,D,49,1,0
2023-04-02,1,D,25,0,0
2023-04-03,1,D,19,0,0
2023-04-04,1,D,24,0,0
2023-04-05,1,D,12,0,0
2023-04-06,1,D,24,0,0
2023-04-07,1,D,25,0,0
2023-04-08,1,D,59,1,0
2023-04-09,1,D,33,0,0
2023-04-10,1,D,25,0,0
2023-04-11,1,D,45,1,0
2023-04-12,1,D,24,0,0
2023-04-13,1,D,26,0,0
2023-04-14,1,D,30,0,0
2023-04-15,1,D,29,0,0
2023-04-16,1,D,37,0,0
2023-04-17,1,D,31,1,0
2023-04-18,1,D,41,1,0
2023-04-19,1,D,28,0,0
2023-04-20,1,D,23,0,0
2023-04-21,1,D,24,0,0
2023-04-22,1,D,41,0,0
2023-04-23,1,D,32,0,0
2023-04-24,1,D,28,0,0
2023-04-25,1,D,25,0,0
2023-04-26,1,D,22,0,0
2023-04-27,1,D,22,0,0
2023-04-28,1,D,27,0,0
2023-04-29,1,D,40,0,0
2023-04-30,1,D,43,1,0
2023-05-01,1,D,33,0,0
2023-05-02,1,D,28,0,0
2023-05-03,1,D,24,0,0
2023-05-04,1,D,27,0,0
2023-05-05,1,D,28,0,0
2023-05-06,1,D,27,0,0
2023-05-07,1,D,49,1,0
2023-05-08,1,D,25,0,0
2023-05-09,1,D,17,0,0
2023-05-10,1,D,29,0,0
2023-05-11,1,D,22,0,0
2023-05-12,1,D,22,0,0
2023-05-13,1,D,33,0,0
2023-05-14,1,D,35,0,0
2023-05-15,1,D,27,0,0
2023-05-16,1,D,38,1,0
2023-05-17,1,D,27,0,0
2023-05-18,1,D,22,0,0
2023-05-19,1,D,26,0,0
2023-05-20,1,D,53,1,0
2023-05-21,1,D,47,1,0
2023-05-22,1,D,38,1,0
2023-05-23,1,D,41,1,0
2023-05-24,1,D,25,0,0
2023-05-25,1,D,19,0,0
2023-05-26,1,D,32,0,0
2023-05-27,1,D,39,0,0
2023-05-28,1,D,33,0,0
2023-05-29,1,D,33,0,0
2023-05-30,1,D,29,0,0
2023-05-31,1,D,24,0,0
2023-06-01,1,D,22,0,0
2023-06-02,1,D,33,1,0
2023-06-03,1,D,33,0,0
2023-06-04,1,D,29,0,0
2023-06-05,1,D,22,0,0
2023-06-06,1,D,27,0,0
2023-06-07,1,D,19,0,0
2023-06-08,1,D,18,0,0
2023-06-09,1,D,39,1,0
2023-06-10,1,D,36,0,0
2023-06-11,1,D,36,0,0
2023-06-12,1,D,18,0,0
2023-06-13,1,D,22,0,0
2023-06-14,1,D,36,1,0
2023-06-15,1,D,18,0,0
2023-06-16,1,D,26,0,0
2023-06-17,1,D,35,0,0
2023-06-18,1,D,33,0,0
2023-06-19,1,D,31,1,0
2023-06-20,1,D,36,0,0
2023-06-21,1,D,22,0,0
2023-06-22,1,D,31,0,0
2023-06-23,1,D,46,1,0
2023-06-24,1,D,32,0,0
2023-06-25,1,D,36,0,0
2023-06-26,1,D,19,0,0
2023-06-27,1,D,24,0,0
2023-06-28,1,D,28,0,0
2023-06-29,1,D,26,0,0
2023-06-30,1,D,29,0,0
2023-07-01,1,D,49,1,0
2023-07-02,1,D,39,0,0
2023-07-03,1,D,21,0,0
2023-07-04,1,D,41,1,0
2023-07-05,1,D,23,0,0
2023-07-06,1,D,18,0,0
2023-07-07,1,D,29,0,0
2023-07-08,1,D,21,0,0
2023-07-09,1,D,48,1,0
2023-07-10,1,D,21,0,0
2023-07-11,1,D,32,0,0
2023-07-12,1,D,43,1,0
2023-07-13,1,D,21,0,0
2023-07-14,1,D,20,0,0
2023-07-15,1,D,49,1,0
2023-07-16,1,D,46,1,0
2023-07-17,1,D,47,1,0
2023-07-18,1,D,18,0,0
2023-07-19,1,D,35,0,0
2023-07-20,1,D,28,0,0
2023-07-21,1,D,29,0,0
2023-07-22,1,D,35,0,0
2023-07-23,1,D,26,0,0
2023-07-24,1,D,30,0,0
2023-07-25,1,D,26,0,0
2023-07-26,1,D,21,0,0
2023-07-27,1,D,32,0,0
2023-07-28,1,D,31,0,0
2023-07-29,1,D,57,1,0
2023-07-30,1,D,56,1,0
2023-07-31,1,D,24,0,0
2023-08-01,1,D,29,0,0
2023-08-02,1,D,32,0,0
2023-08-03,1,D,31,0,0
2023-08-04,1,D,28,1,0
2023-08-05,1,D,34,0,0
2023-08-06,1,D,31,0,0
2023-08-07,1,D,34,0,0
2023-08-08,1,D,40,1,0
2023-08-09,1,D,29,0,0
2023-08-10,1,D,27,0,0
2023-08-11,1,D,46,1,0
2023-08-12,1,D,44,0,0
2023-08-13,1,D,52,1,0
2023-08-14,1,D,28,0,0
2023-08-15,1,D,33,0,0
2023-08-16,1,D,21,0,0
2023-08-17,1,D,35,1,0
2023-08-18,1,D,23,0,0
2023-08-19,1,D,39,0,0
2023-08-20,1,D,35,0,0
2023-08-21,1,D,23,0,0
2023-08-22,1,D,33,0,0
2023-08-23,1,D,19,0,0
2023-08-24,1,D,23,0,0
2023-08-25,1,D,26,0,0
2023-08-26,1,D,44,0,0
2023-08-27,1,D,31,0,0
2023-08-28,1,D,29,0,0
2023-08-29,1,D,26,0,0
2023-08-30,1,D,21,0,0
2023-08-31,1,D,29,0,0
2023-09-01,1,D,25,0,0
2023-09-02,1,D,32,0,0
2023-09-03,1,D,28,0,0
2023-09-04,1,D,41,1,0
2023-09-05,1,D,34,0,0
2023-09-06,1,D,24,0,0
2023-09-07,1,D,21,0,0
2023-09-08,1,D,18,0,0
2023-09-09,1,D,26,0,0
2023-09-10,1,D,34,0,0
2023-09-11,1,D,27,0,0
2023-09-12,1,D,29,0,0
2023-09-13,1,D,26,0,0
2023-09-14,1,D,28,0,0
2023-09-15,1,D,34,0,0
2023-09-16,1,D,41,0,0
2023-09-17,1,D,41,0,0
2023-09-18,1,D,32,0,0
2023-09-19,1,D,30,0,0
2023-09-20,1,D,33,1,0
2023-09-21,1,D,40,1,0
2023-09-22,1,D,28,0,0
2023-09-23,1,D,31,0,0
2023-09-24,1,D,44,0,0
2023-09-25,1,D,25,0,0
2023-09-26,1,D,33,1,0
2023-09-27,1,D,25,0,0
2023-09-28,1,D,29,0,0
2023-09-29,1,D,37,1,0
2023-09-30,1,D,35,0,0
2023-10-01,1,D,45,1,0
2023-10-02,1,D,25,0,0
2023-10-03,1,D,27,0,0
2023-10-04,1,D,27,0,0
2023-10-05,1,D,31,0,0
2023-10-06,1,D,22,0,0
2023-10-07,1,D,37,0,0
2023-10-08,1,D,38,0,0
2023-10-09,1,D,24,0,0
2023-10-10,1,D,23,0,0
2023-10-11,1,D,36,0,0
2023-10-12,1,D,26,0,0
2023-10-13,1,D,29,0,0
2023-10-14,1,D,56,1,0
2023-10-15,1,D,47,1,0
2023-10-16,1,D,28,0,0
2023-10-17,1,D,28,0,0
2023-10-18,1,D,36,0,0
2023-10-19,1,D,28,0,0
2023-10-20,1,D,31,0,0
2023-10-21,1,D,40,0,0
2023-10-22,1,D,34,0,0
2023-10-23,1,D,38,0,0
2023-10-24,1,D,24,0,0
2023-10-25,1,D,19,0,0
2023-10-26,1,D,17,0,0
2023-10-27,1,D,39,1,0
2023-10-28,1,D,27,0,0
2023-10-29,1,D,32,0,0
2023-10-30,1,D,28,0,0
2023-10-31,1,D,43,1,0
2023-11-01,1,D,26,0,0
2023-11-02,1,D,24,0,0
2023-11-03,1,D,25,0,0
2023-11-04,1,D,39,0,0
2023-11-05,1,D,49,1,0
2023-11-06,1,D,38,1,0
2023-11-07,1,D,29,0,0
2023-11-08,1,D,28,0,0
2023-11-09,1,D,19,0,0
2023-11-10,1,D,33,0,0
2023-11-11,1,D,34,0,0
2023-11-12,1,D,30,0,0
2023-11-13,1,D,21,0,0
2023-11-14,1,D,47,1,0
2023-11-15,1,D,17,0,0
2023-11-16,1,D,30,0,0
2023-11-17,1,D,46,1,0
2023-11-18,1,D,53,1,0
2023-11-19,1,D,44,0,0
2023-11-20,1,D,23,0,0
2023-11-21,1,D,30,0,0
2023-11-22,1,D,28,0,0
2023-11-23,1,D,37,0,0
2023-11-24,1,D,26,0,0
2023-11-25,1,D,38,0,0
2023-11-26,1,D,37,0,0
2023-11-27,1,D,20,0,0
2023-11-28,1,D,27,0,0
2023-11-29,1,D,25,0,0
2023-11-30,1,D,28,0,0
2023-12-01,1,D,30,0,0
2023-12-02,1,D,43,0,0
2023-12-03,1,D,25,0,0
2023-12-04,1,D,28,0,0
2023-12-05,1,D,21,0,0
2023-12-06,1,D,45,1,0
2023-12-07,1,D,39,0,0
2023-12-08,1,D,26,0,0
2023-12-09,1,D,33,0,0
2023-12-10,1,D,34,0,0
2023-12-11,1,D,36,1,0
2023-12-12,1,D,15,0,0
2023-12-13,1,D,29,0,0
2023-12-14,1,D,28,0,0
2023-12-15,1,D,24,0,0
2023-12-16,1,D,31,0,0
2023-12-17,1,D,41,0,0
2023-12-18,1,D,34,0,0
2023-12-19,1,D,43,1,0
2023-12-20,1,D,32,1,0
2023-12-21,1,D,27,0,0
2023-12-22,1,D,30,0,0
2023-12-23,1,D,54,1,0
2023-12-24,1,D,36,0,0
2023-12-25,1,D,82,1,1
2023-12-26,1,D,41,1,0
2023-12-27,1,D,33,0,0
2023-12-28,1,D,44,1,0
2023-12-29,1,D,25,0,0
2023-12-30,1,D,35,0,0
2023-12-31,1,D,62,1,0
2023-01-01,2,A,115,0,1
2023-01-02,2,A,45,0,0
2023-01-03,2,A,41,0,0
2023-01-04,2,A,53,0,0
2023-01-05,2,A,49,0,0
2023-01-06,2,A,45,0,0
2023-01-07,2,A,88,1,0
2023-01-08,2,A,65,0,0
2023-01-09,2,A,37,0,0
2023-01-10,2,A,55,0,0
2023-01-11,2,A,52,0,0
2023-01-12,2,A,40,0,0
2023-01-13,2,A,49,0,0
2023-01-14,2,A,55,0,0
2023-01-15,2,A,54,0,0
2023-01-16,2,A,38,0,0
2023-01-17,2,A,40,0,0
2023-01-18,2,A,56,0,0
2023-01-19,2,A,77,1,0
2023-01-20,2,A,47,0,0
2023-01-21,2,A,56,0,0
2023-01-22,2,A,68,0,0
2023-01-23,2,A,51,0,0
2023-01-24,2,A,71,1,0
2023-01-25,2,A,48,0,0
2023-01-26,2,A,54,0,0
2023-01-27,2,A,37,0,0
2023-01-28,2,A,80,1,0
2023-01-29,2,A,68,0,0
2023-01-30,2,A,58,0,0
2023-01-31,2,A,47,0,0
2023-02-01,2,A,62,1,0
2023-02-02,2,A,51,0,0
2023-02-03,2,A,63,1,0
2023-02-04,2,A,64,0,0
2023-02-05,2,A,63,0,0
2023-02-06,2,A,73,1,0
2023-02-07,2,A,50,0,0
2023-02-08,2,A,46,0,0
2023-02-09,2,A,39,0,0
2023-02-10,2,A,51,0,0
2023-02-11,2,A,62,0,0
2023-02-12,2,A,61,0,0
2023-02-13,2,A,39,0,0
2023-02-14,2,A,43,0,0
2023-02-15,2,A,48,0,0
2023-02-16,2,A,83,1,0
2023-02-17,2,A,41,0,0
2023-02-18,2,A,59,0,0
2023-02-19,2,A,66,0,0
2023-02-20,2,A,42,0,0
2023-02-21,2,A,52,0,0
2023-02-22,2,A,38,0,0
2023-02-23,2,A,39,0,0
2023-02-24,2,A,54,0,0
2023-02-25,2,A,65,0,0
2023-02-26,2,A,69,0,0
2023-02-27,2,A,80,1,0
2023-02-28,2,A,54,0,0
2023-03-01,2,A,39,0,0
2023-03-02,2,A,46,0,0
2023-03-03,2,A,56,1,0
2023-03-04,2,A,61,0,0
2023-03-05,2,A,96,1,0
2023-03-06,2,A,76,1,0
2023-03-07,2,A,45,0,0
2023-03-08,2,A,68,1,0
2023-03-09,2,A,48,0,0
2023-03-10,2,A,72,1,0
2023-03-11,2,A,58,0,0
2023-03-12,2,A,86,1,0
2023-03-13,2,A,45,0,0
2023-03-14,2,A,51,0,0
2023-03-15,2,A,47,0,0
2023-03-16,2,A,37,0,0
2023-03-17,2,A,37,0,0
2023-03-18,2,A,95,1,0
2023-03-19,2,A,94,1,0
2023-03-20,2,A,50,0,0
2023-03-21,2,A,53,0,0
2023-03-22,2,A,49,0,0
2023-03-23,2,A,43,0,0
2023-03-24,2,A,48,0,0
2023-03-25,2,A,62,0,0
2023-03-26,2,A,66,0,0
2023-03-27,2,A,56,0,0
2023-03-28,2,A,67,1,0
2023-03-29,2,A,79,1,0
2023-03-30,2,A,71,1,0
2023-03-31,2,A,46,0,0
2023-04-01,2,A,70,0,0
2023-04-02,2,A,101,1,0
2023-04-03,2,A,46,0,0
2023-04-04,2,A,44,0,0
2023-04-05,2,A,52,0,0
2023-04-06,2,A,49,0,0
2023-04-07,2,A,46,0,0
2023-04-08,2,A,69,0,0
2023-04-09,2,A,62,0,0
2023-04-10,2,A,44,0,0
2023-04-11,2,A,75,1,0
2023-04-12,2,A,42,0,0
2023-04-13,2,A,46,0,0
2023-04-14,2,A,54,0,0
2023-04-15,2,A,64,0,0
2023-04-16,2,A,64,0,0
2023-04-17,2,A,70,1,0
2023-04-18,2,A,71,1,0
2023-04-19,2,A,43,0,0
2023-04-20,2,A,50,0,0
2023-04-21,2,A,43,0,0
2023-04-22,2,A,57,0,0
2023-04-23,2,A,62,0,0
2023-04-24,2,A,78,1,0
2023-04-25,2,A,43,0,0
2023-04-26,2,A,53,0,0
2023-04-27,2,A,52,0,0
2023-04-28,2,A,63,1,0
2023-04-29,2,A,64,0,0
2023-04-30,2,A,58,0,0
2023-05-01,2,A,73,1,0
2023-05-02,2,A,47,0,0
2023-05-03,2,A,58,0,0
2023-05-04,2,A,52,0,0
2023-05-05,2,A,47,0,0
2023-05-06,2,A,65,0,0
2023-05-07,2,A,68,0,0
2023-05-08,2,A,73,1,0
2023-05-09,2,A,82,1,0
2023-05-10,2,A,49,0,0
2023-05-11,2,A,75,1,0
2023-05-12,2,A,73,1,0
2023-05-13,2,A,60,0,0
2023-05-14,2,A,94,1,0
2023-05-15,2,A,49,0,0
2023-05-16,2,A,55,0,0
2023-05-17,2,A,81,1,0
2023-05-18,2,A,58,0,0
2023-05-19,2,A,46,0,0
2023-05-20,2,A,100,1,0
2023-05-21,2,A,102,1,0
2023-05-22,2,A,45,0,0
2023-05-23,2,A,50,0,0
2023-05-24,2,A,41,0,0
2023-05-25,2,A,53,0,0
2023-05-26,2,A,56,0,0
2023-05-27,2,A,58,0,0
2023-05-28,2,A,61,0,0
2023-05-29,2,A,46,0,0
2023-05-30,2,A,45,0,0
2023-05-31,2,A,75,1,0
2023-06-01,2,A,77,1,0
2023-06-02,2,A,53,0,0
2023-06-03,2,A,69,0,0
2023-06-04,2,A,74,0,0
2023-06-05,2,A,75,1,0
2023-06-06,2,A,48,0,0
2023-06-07,2,A,59,0,0
2023-06-08,2,A,50,0,0
2023-06-09,2,A,47,0,0
2023-06-10,2,A,72,0,0
2023-06-11,2,A,64,0,0
2023-06-12,2,A,53,0,0
2023-06-13,2,A,72,1,0
2023-06-14,2,A,78,1,0
2023-06-15,2,A,53,0,0
2023-06-16,2,A,57,0,0
2023-06-17,2,A,96,1,0
2023-06-18,2,A,66,0,0
2023-06-19,2,A,52,0,0
2023-06-20,2,A,50,0,0
2023-06-21,2,A,47,0,0
2023-06-22,2,A,55,0,0
2023-06-23,2,A,76,1,0
2023-06-24,2,A,91,1,0
2023-06-25,2,A,60,0,0
2023-06-26,2,A,49,0,0
2023-06-27,2,A,48,0,0
2023-06-28,2,A,44,0,0
2023-06-29,2,A,45,0,0
2023-06-30,2,A,59,0,0
2023-07-01,2,A,71,0,0
2023-07-02,2,A,72,0,0
2023-07-03,2,A,58,0,0
2023-07-04,2,A,49,0,0
2023-07-05,2,A,53,0,0
2023-07-06,2,A,40,0,0
2023-07-07,2,A,53,0,0
2023-07-08,2,A,62,0,0
2023-07-09,2,A,63,0,0
2023-07-10,2,A,77,1,0
2023-07-11,2,A,76,1,0
2023-07-12,2,A,48,0,0
2023-07-13,2,A,48,0,0
2023-07-14,2,A,46,0,0
2023-07-15,2,A,59,0,0
2023-07-16,2,A,92,1,0
2023-07-17,2,A,55,0,0
2023-07-18,2,A,50,0,0
2023-07-19,2,A,83,1,0
2023-07-20,2,A,54,0,0
2023-07-21,2,A,53,0,0
2023-07-22,2,A,61,0,0
2023-07-23,2,A,61,0,0
2023-07-24,2,A,51,0,0
2023-07-25,2,A,51,0,0
2023-07-26,2,A,74,1,0
2023-07-27,2,A,53,0,0
2023-07-28,2,A,52,0,0
2023-07-29,2,A,67,0,0
2023-07-30,2,A,72,0,0
2023-07-31,2,A,60,0,0
2023-08-01,2,A,51,0,0
2023-08-02,2,A,50,0,0
2023-08-03,2,A,86,1,0
2023-08-04,2,A,52,0,0
2023-08-05,2,A,70,0,0
2023-08-06,2,A,63,0,0
2023-08-07,2,A,47,0,0
2023-08-08,2,A,50,0,0
2023-08-09,2,A,52,0,0
2023-08-10,2,A,52,0,0
2023-08-11,2,A,49,0,0
2023-08-12,2,A,103,1,0
2023-08-13,2,A,69,0,0
2023-08-14,2,A,59,0,0
2023-08-15,2,A,48,0,0
2023-08-16,2,A,55,0,0
2023-08-17,2,A,51,0,0
2023-08-18,2,A,49,0,0
2023-08-19,2,A,95,1,0
2023-08-20,2,A,68,0,0
2023-08-21,2,A,76,1,0
2023-08-22,2,A,78,1,0
2023-08-23,2,A,46,0,0
2023-08-24,2,A,78,1,0
2023-08-25,2,A,52,0,0
2023-08-26,2,A,71,0,0
2023-08-27,2,A,75,0,0
2023-08-28,2,A,54,0,0
2023-08-29,2,A,49,0,0
2023-08-30,2,A,53,0,0
2023-08-31,2,A,51,0,0
2023-09-01,2,A,54,0,0
2023-09-02,2,A,60,0,0
2023-09-03,2,A,107,1,0
2023-09-04,2,A,74,1,0
2023-09-05,2,A,48,0,0
2023-09-06,2,A,52,0,0
2023-09-07,2,A,51,0,0
2023-09-08,2,A,54,0,0
2023-09-09,2,A,68,0,0
2023-09-10,2,A,72,0,0
2023-09-11,2,A,77,1,0
2023-09-12,2,A,53,0,0
2023-09-13,2,A,60,0,0
2023-09-14,2,A,48,0,0
2023-09-15,2,A,47,0,0
2023-09-16,2,A,68,0,0
2023-09-17,2,A,60,0,0
2023-09-18,2,A,48,0,0
2023-09-19,2,A,73,1,0
2023-09-20,2,A,41,0,0
2023-09-21,2,A,49,0,0
2023-09-22,2,A,51,0,0
2023-09-23,2,A,65,0,0
2023-09-24,2,A,62,0,0
2023-09-25,2,A,68,1,0
2023-09-26,2,A,50,0,0
2023-09-27,2,A,51,0,0
2023-09-28,2,A,44,0,0
2023-09-29,2,A,50,0,0
2023-09-30,2,A,68,0,0
2023-10-01,2,A,104,1,0
2023-10-02,2,A,55,0,0
2023-10-03,2,A,57,0,0
2023-10-04,2,A,49,0,0
2023-10-05,2,A,76,1,0
2023-10-06,2,A,74,1,0
2023-10-07,2,A,68,0,0
2023-10-08,2,A,76,0,0
2023-10-09,2,A,78,1,0
2023-10-10,2,A,41,0,0
2023-10-11,2,A,46,0,0
2023-10-12,2,A,52,0,0
2023-10-13,2,A,66,1,0
2023-10-14,2,A,70,0,0
2023-10-15,2,A,63,0,0
2023-10-16,2,A,57,0,0
2023-10-17,2,A,58,0,0
2023-10-18,2,A,77,1,0
2023-10-19,2,A,52,0,0
2023-10-20,2,A,79,1,0
2023-10-21,2,A,70,0,0
2023-10-22,2,A,68,0,0
2023-10-23,2,A,80,1,0
2023-10-24,2,A,47,0,0
2023-10-25,2,A,49,0,0
2023-10-26,2,A,52,0,0
2023-10-27,2,A,53,0,0
2023-10-28,2,A,77,0,0
2023-10-29,2,A,71,0,0
2023-10-30,2,A,47,0,0
2023-10-31,2,A,52,0,0
2023-11-01,2,A,51,0,0
2023-11-02,2,A,52,0,0
2023-11-03,2,A,54,0,0
2023-11-04,2,A,67,0,0
2023-11-05,2,A,75,0,0
2023-11-06,2,A,74,1,0
2023-11-07,2,A,53,0,0
2023-11-08,2,A,62,0,0
2023-11-09,2,A,50,0,0
2023-11-10,2,A,50,0,0
2023-11-11,2,A,113,1,0
2023-11-12,2,A,71,0,0
2023-11-13,2,A,53,0,0
2023-11-14,2,A,80,1,0
2023-11-15,2,A,59,0,0
2023-11-16,2,A,51,0,0
2023-11-17,2,A,74,1,0
2023-11-18,2,A,64,0,0
2023-11-19,2,A,71,0,0
2023-11-20,2,A,77,1,0
2023-11-21,2,A,54,0,0
2023-11-22,2,A,48,0,0
2023-11-23,2,A,56,0,0
2023-11-24,2,A,64,0,0
2023-11-25,2,A,71,0,0
2023-11-26,2,A,55,0,0
2023-11-27,2,A,60,0,0
2023-11-28,2,A,50,0,0
2023-11-29,2,A,45,0,0
2023-11-30,2,A,44,0,0
2023-12-01,2,A,65,0,0
2023-12-02,2,A,70,0,0
2023-12-03,2,A,67,0,0
2023-12-04,2,A,52,0,0
2023-12-05,2,A,46,0,0
2023-12-06,2,A,55,0,0
2023-12-07,2,A,57,0,0
2023-12-08,2,A,49,0,0
2023-12-09,2,A,72,0,0
2023-12-10,2,A,83,0,0
2023-12-11,2,A,58,0,0
2023-12-12,2,A,54,0,0
2023-12-13,2,A,48,0,0
2023-12-14,2,A,58,0,0
2023-12-15,2,A,56,0,0
2023-12-16,2,A,67,0,0
2023-12-17,2,A,108,1,0
2023-12-18,2,A,48,0,0
2023-12-19,2,A,55,0,0
2023-12-20,2,A,80,1,0
2023-12-21,2,A,90,1,0
2023-12-22,2,A,54,0,0
2023-12-23,2,A,82,0,0
2023-12-24,2,A,106,1,0
2023-12-25,2,A,112,0,1
2023-12-26,2,A,61,0,0
2023-12-27,2,A,58,0,0
2023-12-28,2,A,72,1,0
2023-12-29,2,A,57,0,0
2023-12-30,2,A,73,0,0
2023-12-31,2,A,99,1,0
2023-01-01,2,B,87,0,1
2023-01-02,2,B,43,1,0
2023-01-03,2,B,28,0,0
2023-01-04,2,B,30,0,0
2023-01-05,2,B,32,0,0
2023-01-06,2,B,35,0,0
2023-01-07,2,B,51,0,0
2023-01-08,2,B,42,0,0
2023-01-09,2,B,35,0,0
2023-01-10,2,B,36,0,0
2023-01-11,2,B,35,0,0
2023-01-12,2,B,27,0,0
2023-01-13,2,B,39,0,0
2023-01-14,2,B,47,0,0
2023-01-15,2,B,63,1,0
2023-01-16,2,B,27,0,0
2023-01-17,2,B,32,0,0
2023-01-18,2,B,24,0,0
2023-01-19,2,B,39,0,0
2023-01-20,2,B,29,0,0
2023-01-21,2,B,40,0,0
2023-01-22,2,B,70,1,0
2023-01-23,2,B,36,1,0
2023-01-24,2,B,55,1,0
2023-01-25,2,B,34,0,0
2023-01-26,2,B,40,0,0
2023-01-27,2,B,27,0,0
2023-01-28,2,B,43,0,0
2023-01-29,2,B,37,0,0
2023-01-30,2,B,38,0,0
2023-01-31,2,B,37,0,0
2023-02-01,2,B,57,1,0
2023-02-02,2,B,32,0,0
2023-02-03,2,B,43,0,0
2023-02-04,2,B,58,1,0
2023-02-05,2,B,42,0,0
2023-02-06,2,B,27,0,0
2023-02-07,2,B,33,0,0
2023-02-08,2,B,28,0,0
2023-02-09,2,B,38,0,0
2023-02-10,2,B,35,0,0
2023-02-11,2,B,37,0,0
2023-02-12,2,B,46,0,0
2023-02-13,2,B,40,0,0
2023-02-14,2,B,35,0,0
2023-02-15,2,B,25,0,0
2023-02-16,2,B,32,0,0
2023-02-17,2,B,36,0,0
2023-02-18,2,B,41,0,0
2023-02-19,2,B,37,0,0
2023-02-20,2,B,39,0,0
2023-02-21,2,B,31,0,0
2023-02-22,2,B,40,0,0
2023-02-23,2,B,46,1,0
2023-02-24,2,B,31,0,0
2023-02-25,2,B,61,1,0
2023-02-26,2,B,42,0,0
2023-02-27,2,B,35,0,0
2023-02-28,2,B,44,1,0
2023-03-01,2,B,27,0,0
2023-03-02,2,B,24,0,0
2023-03-03,2,B,40,1,0
2023-03-04,2,B,36,0,0
2023-03-05,2,B,40,0,0
2023-03-06,2,B,50,1,0
2023-03-07,2,B,51,1,0
2023-03-08,2,B,33,0,0
2023-03-09,2,B,40,0,0
2023-03-10,2,B,42,0,0
2023-03-11,2,B,41,0,0
2023-03-12,2,B,38,0,0
2023-03-13,2,B,44,0,0
2023-03-14,2,B,55,1,0
2023-03-15,2,B,38,0,0
2023-03-16,2,B,30,0,0
2023-03-17,2,B,37,0,0
2023-03-18,2,B,44,0,0
2023-03-19,2,B,43,0,0
2023-03-20,2,B,33,0,0
2023-03-21,2,B,35,0,0
2023-03-22,2,B,57,1,0
2023-03-23,2,B,44,0,0
2023-03-24,2,B,48,1,0
2023-03-25,2,B,44,0,0
2023-03-26,2,B,43,0,0
2023-03-27,2,B,52,1,0
2023-03-28,2,B,20,0,0
2023-03-29,2,B,49,1,0
2023-03-30,2,B,60,1,0
2023-03-31,2,B,46,1,0
2023-04-01,2,B,41,0,0
2023-04-02,2,B,40,0,0
2023-04-03,2,B,32,0,0
2023-04-04,2,B,44,1,0
2023-04-05,2,B,31,0,0
2023-04-06,2,B,35,0,0
2023-04-07,2,B,35,0,0
2023-04-08,2,B,45,0,0
2023-04-09,2,B,72,1,0
2023-04-10,2,B,36,0,0
2023-04-11,2,B,40,0,0
2023-04-12,2,B,62,1,0
2023-04-13,2,B,38,0,0
2023-04-14,2,B,27,0,0
2023-04-15,2,B,45,0,0
2023-04-16,2,B,44,0,0
2023-04-17,2,B,41,0,0
2023-04-18,2,B,33,0,0
2023-04-19,2,B,29,0,0
2023-04-20,2,B,31,0,0
2023-04-21,2,B,27,0,0
2023-04-22,2,B,29,0,0
2023-04-23,2,B,54,0,0
2023-04-24,2,B,51,1,0
2023-04-25,2,B,28,0,0
2023-04-26,2,B,42,0,0
2023-04-27,2,B,60,1,0
2023-04-28,2,B,34,0,0
2023-04-29,2,B,37,0,0
2023-04-30,2,B,42,0,0
2023-05-01,2,B,33,0,0
2023-05-02,2,B,34,0,0
2023-05-03,2,B,28,0,0
2023-05-04,2,B,39,0,0
2023-05-05,2,B,23,0,0
2023-05-06,2,B,50,0,0
2023-05-07,2,B,51,0,0
2023-05-08,2,B,32,0,0
2023-05-09,2,B,33,0,0
2023-05-10,2,B,41,0,0
2023-05-11,2,B,37,0,0
2023-05-12,2,B,32,0,0
2023-05-13,2,B,43,0,0
2023-05-14,2,B,47,0,0
2023-05-15,2,B,44,0,0
2023-05-16,2,B,50,1,0
2023-05-17,2,B,32,0,0
2023-05-18,2,B,34,0,0
2023-05-19,2,B,34,0,0
2023-05-20,2,B,46,0,0
2023-05-21,2,B,44,0,0
2023-05-22,2,B,40,0,0
2023-05-23,2,B,30,0,0
2023-05-24,2,B,36,0,0
2023-05-25,2,B,54,1,0
2023-05-26,2,B,30,0,0
2023-05-27,2,B,47,0,0
2023-05-28,2,B,47,0,0
2023-05-29,2,B,39,1,0
2023-05-30,2,B,29,0,0
2023-05-31,2,B,42,0,0
2023-06-01,2,B,31,0,0
2023-06-02,2,B,28,0,0
2023-06-03,2,B,35,0,0
2023-06-04,2,B,39,0,0
2023-06-05,2,B,34,0,0
2023-06-06,2,B,28,0,0
2023-06-07,2,B,38,0,0
2023-06-08,2,B,30,0,0
2023-06-09,2,B,36,0,0
2023-06-10,2,B,52,0,0
2023-06-11,2,B,52,0,0
2023-06-12,2,B,36,0,0
2023-06-13,2,B,29,0,0
2023-06-14,2,B,34,0,0
2023-06-15,2,B,36,0,0
2023-06-16,2,B,47,0,0
2023-06-17,2,B,36,0,0
2023-06-18,2,B,45,0,0
2023-06-19,2,B,38,0,0
2023-06-20,2,B,35,0,0
2023-06-21,2,B,36,0,0
2023-06-22,2,B,31,0,0
2023-06-23,2,B,39,0,0
2023-06-24,2,B,45,0,0
2023-06-25,2,B,46,0,0
2023-06-26,2,B,58,1,0
2023-06-27,2,B,33,0,0
2023-06-28,2,B,41,0,0
2023-06-29,2,B,46,1,0
2023-06-30,2,B,36,0,0
2023-07-01,2,B,41,0,0
2023-07-02,2,B,40,0,0
2023-07-03,2,B,44,0,0
2023-07-04,2,B,29,0,0
2023-07-05,2,B,35,0,0
2023-07-06,2,B,28,0,0
2023-07-07,2,B,41,0,0
2023-07-08,2,B,43,0,0
2023-07-09,2,B,51,0,0
2023-07-10,2,B,56,1,0
2023-07-11,2,B,46,0,0
2023-07-12,2,B,27,0,0
2023-07-13,2,B,30,0,0
2023-07-14,2,B,58,1,0
2023-07-15,2,B,47,0,0
2023-07-16,2,B,44,0,0
2023-07-17,2,B,45,0,0
2023-07-18,2,B,35,0,0
2023-07-19,2,B,31,0,0
2023-07-20,2,B,40,0,0
2023-07-21,2,B,35,0,0
2023-07-22,2,B,69,1,0
2023-07-23,2,B,49,0,0
2023-07-24,2,B,39,0,0
2023-07-25,2,B,48,1,0
2023-07-26,2,B,34,0,0
2023-07-27,2,B,28,0,0
2023-07-28,2,B,37,0,0
2023-07-29,2,B,55,0,0
2023-07-30,2,B,41,0,0
2023-07-31,2,B,28,0,0
2023-08-01,2,B,32,0,0
2023-08-02,2,B,34,0,0
2023-08-03,2,B,39,0,0
2023-08-04,2,B,51,1,0
2023-08-05,2,B,71,1,0
2023-08-06,2,B,44,0,0
2023-08-07,2,B,34,0,0
2023-08-08,2,B,31,0,0
2023-08-09,2,B,48,1,0
2023-08-10,2,B,57,1,0
2023-08-11,2,B,51,1,0
2023-08-12,2,B,48,0,0
2023-08-13,2,B,65,1,0
2023-08-14,2,B,35,0,0
2023-08-15,2,B,25,0,0
2023-08-16,2,B,34,0,0
2023-08-17,2,B,50,1,0
2023-08-18,2,B,60,1,0
2023-08-19,2,B,40,0,0
2023-08-20,2,B,69,1,0
2023-08-21,2,B,55,1,0
2023-08-22,2,B,41,0,0
2023-08-23,2,B,40,0,0
2023-08-24,2,B,35,0,0
2023-08-25,2,B,36,0,0
2023-08-26,2,B,52,0,0
2023-08-27,2,B,46,0,0
2023-08-28,2,B,37,0,0
2023-08-29,2,B,42,0,0
2023-08-30,2,B,48,0,0
2023-08-31,2,B,37,0,0
2023-09-01,2,B,57,1,0
2023-09-02,2,B,51,0,0
2023-09-03,2,B,76,1,0
2023-09-04,2,B,41,0,0
2023-09-05,2,B,51,1,0
2023-09-06,2,B,38,0,0
2023-09-07,2,B,59,1,0
2023-09-08,2,B,43,0,0
2023-09-09,2,B,46,0,0
2023-09-10,2,B,48,0,0
2023-09-11,2,B,38,0,0
2023-09-12,2,B,36,0,0
2023-09-13,2,B,37,0,0
2023-09-14,2,B,25,0,0
2023-09-15,2,B,71,1,0
2023-09-16,2,B,59,0,0
2023-09-17,2,B,70,1,0
2023-09-18,2,B,36,0,0
2023-09-19,2,B,28,0,0
2023-09-20,2,B,27,0,0
2023-09-21,2,B,39,0,0
2023-09-22,2,B,41,0,0
2023-09-23,2,B,51,0,0
2023-09-24,2,B,43,0,0
2023-09-25,2,B,40,0,0
2023-09-26,2,B,36,0,0
2023-09-27,2,B,34,0,0
2023-09-28,2,B,30,0,0
2023-09-29,2,B,33,0,0
2023-09-30,2,B,50,0,0
2023-10-01,2,B,49,0,0
2023-10-02,2,B,37,0,0
2023-10-03,2,B,25,0,0
2023-10-04,2,B,37,0,0
2023-10-05,2,B,33,0,0
2023-10-06,2,B,38,0,0
2023-10-07,2,B,78,1,0
2023-10-08,2,B,45,0,0
2023-10-09,2,B,37,0,0
2023-10-10,2,B,65,1,0
2023-10-11,2,B,56,1,0
2023-10-12,2,B,36,0,0
2023-10-13,2,B,51,1,0
2023-10-14,2,B,52,0,0
2023-10-15,2,B,67,1,0
2023-10-16,2,B,43,0,0
2023-10-17,2,B,40,0,0
2023-10-18,2,B,34,0,0
2023-10-19,2,B,51,1,0
2023-10-20,2,B,33,0,0
2023-10-21,2,B,39,0,0
2023-10-22,2,B,50,0,0
2023-10-23,2,B,26,0,0
2023-10-24,2,B,36,0,0
2023-10-25,2,B,55,1,0
2023-10-26,2,B,35,0,0
2023-10-27,2,B,39,0,0
2023-10-28,2,B,45,0,0
2023-10-29,2,B,49,0,0
2023-10-30,2,B,43,0,0
2023-10-31,2,B,58,1,0
2023-11-01,2,B,35,0,0
2023-11-02,2,B,56,1,0
2023-11-03,2,B,35,0,0
2023-11-04,2,B,72,1,0
2023-11-05,2,B,49,0,0
2023-11-06,2,B,30,0,0
2023-11-07,2,B,29,0,0
2023-11-08,2,B,33,0,0
2023-11-09,2,B,40,0,0
2023-11-10,2,B,40,0,0
2023-11-11,2,B,52,0,0
2023-11-12,2,B,44,0,0
2023-11-13,2,B,38,0,0
2023-11-14,2,B,35,0,0
2023-11-15,2,B,36,0,0
2023-11-16,2,B,35,0,0
2023-11-17,2,B,57,1,0
2023-11-18,2,B,45,0,0
2023-11-19,2,B,54,0,0
2023-11-20,2,B,43,0,0
2023-11-21,2,B,40,0,0
2023-11-22,2,B,42,0,0
2023-11-23,2,B,30,0,0
2023-11-24,2,B,43,0,0
2023-11-25,2,B,50,0,0
2023-11-26,2,B,46,0,0
2023-11-27,2,B,34,0,0
2023-11-28,2,B,45,0,0
2023-11-29,2,B,41,0,0
2023-11-30,2,B,56,1,0
2023-12-01,2,B,49,1,0
2023-12-02,2,B,55,0,0
2023-12-03,2,B,43,0,0
2023-12-04,2,B,36,0,0
2023-12-05,2,B,37,0,0
2023-12-06,2,B,34,0,0
2023-12-07,2,B,37,0,0
2023-12-08,2,B,37,0,0
2023-12-09,2,B,48,0,0
2023-12-10,2,B,51,0,0
2023-12-11,2,B,65,1,0
2023-12-12,2,B,31,0,0
2023-12-13,2,B,38,0,0
2023-12-14,2,B,51,1,0
2023-12-15,2,B,30,0,0
2023-12-16,2,B,54,0,0
2023-12-17,2,B,50,0,0
2023-12-18,2,B,30,0,0
2023-12-19,2,B,37,0,0
2023-12-20,2,B,48,1,0
2023-12-21,2,B,52,1,0
2023-12-22,2,B,27,0,0
2023-12-23,2,B,73,1,0
2023-12-24,2,B,53,0,0
2023-12-25,2,B,79,0,1
2023-12-26,2,B,36,0,0
2023-12-27,2,B,43,0,0
2023-12-28,2,B,64,1,0
2023-12-29,2,B,61,1,0
2023-12-30,2,B,72,1,0
2023-12-31,2,B,49,0,0
2023-01-01,2,C,85,0,1
2023-01-02,2,C,47,0,0
2023-01-03,2,C,29,0,0
2023-01-04,2,C,38,0,0
2023-01-05,2,C,32,0,0
2023-01-06,2,C,35,0,0
2023-01-07,2,C,33,0,0
2023-01-08,2,C,49,0,0
2023-01-09,2,C,64,1,0
2023-01-10,2,C,38,0,0
2023-01-11,2,C,21,0,0
2023-01-12,2,C,37,0,0
2023-01-13,2,C,28,0,0
2023-01-14,2,C,39,0,0
2023-01-15,2,C,49,0,0
2023-01-16,2,C,55,1,0
2023-01-17,2,C,39,0,0
2023-01-18,2,C,37,0,0
2023-01-19,2,C,35,0,0
2023-01-20,2,C,39,0,0
2023-01-21,2,C,38,0,0
2023-01-22,2,C,51,0,0
2023-01-23,2,C,28,0,0
2023-01-24,2,C,55,1,0
2023-01-25,2,C,42,0,0
2023-01-26,2,C,30,0,0
2023-01-27,2,C,57,1,0
2023-01-28,2,C,49,0,0
2023-01-29,2,C,46,0,0
2023-01-30,2,C,26,0,0
2023-01-31,2,C,55,1,0
2023-02-01,2,C,36,0,0
2023-02-02,2,C,40,0,0
2023-02-03,2,C,30,0,0
2023-02-04,2,C,52,0,0
2023-02-05,2,C,47,0,0
2023-02-06,2,C,35,0,0
2023-02-07,2,C,42,0,0
2023-02-08,2,C,40,0,0
2023-02-09,2,C,58,1,0
2023-02-10,2,C,31,0,0
2023-02-11,2,C,49,0,0
2023-02-12,2,C,38,0,0
2023-02-13,2,C,32,0,0
2023-02-14,2,C,32,0,0
2023-02-15,2,C,39,0,0
2023-02-16,2,C,41,0,0
2023-02-17,2,C,36,0,0
2023-02-18,2,C,68,1,0
2023-02-19,2,C,51,0,0
2023-02-20,2,C,36,0,0
2023-02-21,2,C,36,0,0
2023-02-22,2,C,51,1,0
2023-02-23,2,C,36,0,0
2023-02-24,2,C,30,0,0
2023-02-25,2,C,44,0,0
2023-02-26,2,C,54,0,0
2023-02-27,2,C,35,0,0
2023-02-28,2,C,39,0,0
2023-03-01,2,C,33,0,0
2023-03-02,2,C,61,1,0
2023-03-03,2,C,35,0,0
2023-03-04,2,C,54,0,0
2023-03-05,2,C,43,0,0
2023-03-06,2,C,52,1,0
2023-03-07,2,C,34,0,0
2023-03-08,2,C,34,0,0
2023-03-09,2,C,40,0,0
2023-03-10,2,C,40,0,0
2023-03-11,2,C,48,0,0
2023-03-12,2,C,50,0,0
2023-03-13,2,C,50,0,0
2023-03-14,2,C,38,0,0
2023-03-15,2,C,40,0,0
2023-03-16,2,C,32,0,0
2023-03-17,2,C,33,0,0
2023-03-18,2,C,41,0,0
2023-03-19,2,C,48,0,0
2023-03-20,2,C,36,0,0
2023-03-21,2,C,28,0,0
2023-03-22,2,C,37,0,0
2023-03-23,2,C,38,0,0
2023-03-24,2,C,60,1,0
2023-03-25,2,C,45,0,0
2023-03-26,2,C,51,0,0
2023-03-27,2,C,39,0,0
2023-03-28,2,C,39,0,0
2023-03-29,2,C,32,0,0
2023-03-30,2,C,36,0,0
2023-03-31,2,C,42,0,0
2023-04-01,2,C,52,0,0
2023-04-02,2,C,40,0,0
2023-04-03,2,C,40,0,0
2023-04-04,2,C,50,1,0
2023-04-05,2,C,47,1,0
2023-04-06,2,C,35,0,0
2023-04-07,2,C,57,1,0
2023-04-08,2,C,50,0,0
2023-04-09,2,C,40,0,0
2023-04-10,2,C,32,0,0
2023-04-11,2,C,45,0,0
2023-04-12,2,C,30,0,0
2023-04-13,2,C,33,0,0
2023-04-14,2,C,41,1,0
2023-04-15,2,C,57,0,0
2023-04-16,2,C,42,0,0
2023-04-17,2,C,32,0,0
2023-04-18,2,C,28,0,0
2023-04-19,2,C,36,0,0
2023-04-20,2,C,35,0,0
2023-04-21,2,C,44,0,0
2023-04-22,2,C,79,1,0
2023-04-23,2,C,58,0,0
2023-04-24,2,C,40,0,0
2023-04-25,2,C,31,0,0
2023-04-26,2,C,37,0,0
2023-04-27,2,C,32,0,0
2023-04-28,2,C,30,0,0
2023-04-29,2,C,57,0,0
2023-04-30,2,C,52,0,0
2023-05-01,2,C,40,0,0
2023-05-02,2,C,29,0,0
2023-05-03,2,C,57,1,0
2023-05-04,2,C,35,0,0
2023-05-05,2,C,38,0,0
2023-05-06,2,C,63,1,0
2023-05-07,2,C,51,0,0
2023-05-08,2,C,26,0,0
2023-05-09,2,C,36,0,0
2023-05-10,2,C,39,0,0
2023-05-11,2,C,41,0,0
2023-05-12,2,C,58,1,0
2023-05-13,2,C,51,0,0
2023-05-14,2,C,50,0,0
2023-05-15,2,C,33,0,0
2023-05-16,2,C,29,0,0
2023-05-17,2,C,62,1,0
2023-05-18,2,C,45,0,0
2023-05-19,2,C,36,0,0
2023-05-20,2,C,70,1,0
2023-05-21,2,C,39,0,0
2023-05-22,2,C,35,0,0
2023-05-23,2,C,33,0,0
2023-05-24,2,C,31,0,0
2023-05-25,2,C,44,0,0
2023-05-26,2,C,41,0,0
2023-05-27,2,C,52,0,0
2023-05-28,2,C,48,0,0
2023-05-29,2,C,33,0,0
2023-05-30,2,C,38,0,0
2023-05-31,2,C,38,0,0
2023-06-01,2,C,48,1,0
2023-06-02,2,C,41,0,0
2023-06-03,2,C,49,0,0
2023-06-04,2,C,74,1,0
2023-06-05,2,C,53,1,0
2023-06-06,2,C,27,0,0
2023-06-07,2,C,55,1,0
2023-06-08,2,C,60,1,0
2023-06-09,2,C,65,1,0
2023-06-10,2,C,57,0,0
2023-06-11,2,C,47,0,0
2023-06-12,2,C,37,0,0
2023-06-13,2,C,43,0,0
2023-06-14,2,C,34,0,0
2023-06-15,2,C,31,0,0
2023-06-16,2,C,39,0,0
2023-06-17,2,C,51,0,0
2023-06-18,2,C,49,0,0
2023-06-19,2,C,36,0,0
2023-06-20,2,C,40,0,0
2023-06-21,2,C,55,1,0
2023-06-22,2,C,37,0,0
2023-06-23,2,C,37,0,0
2023-06-24,2,C,51,0,0
2023-06-25,2,C,46,0,0
2023-06-26,2,C,58,1,0
2023-06-27,2,C,27,0,0
2023-06-28,2,C,33,0,0
2023-06-29,2,C,41,0,0
2023-06-30,2,C,36,0,0
2023-07-01,2,C,48,0,0
2023-07-02,2,C,54,0,0
2023-07-03,2,C,64,1,0
2023-07-04,2,C,42,0,0
2023-07-05,2,C,38,0,0
2023-07-06,2,C,36,0,0
2023-07-07,2,C,35,0,0
2023-07-08,2,C,51,0,0
2023-07-09,2,C,45,0,0
2023-07-10,2,C,43,0,0
2023-07-11,2,C,41,0,0
2023-07-12,2,C,56,1,0
2023-07-13,2,C,36,0,0
2023-07-14,2,C,36,0,0
2023-07-15,2,C,74,1,0
2023-07-16,2,C,50,0,0
2023-07-17,2,C,39,0,0
2023-07-18,2,C,46,0,0
2023-07-19,2,C,39,0,0
2023-07-20,2,C,36,0,0
2023-07-21,2,C,45,0,0
2023-07-22,2,C,75,1,0
2023-07-23,2,C,38,0,0
2023-07-24,2,C,46,0,0
2023-07-25,2,C,53,1,0
2023-07-26,2,C,40,0,0
2023-07-27,2,C,38,0,0
2023-07-28,2,C,38,0,0
2023-07-29,2,C,46,0,0
2023-07-30,2,C,45,0,0
2023-07-31,2,C,43,0,0
2023-08-01,2,C,39,0,0
2023-08-02,2,C,37,0,0
2023-08-03,2,C,57,1,0
2023-08-04,2,C,44,0,0
2023-08-05,2,C,46,0,0
2023-08-06,2,C,57,0,0
2023-08-07,2,C,40,0,0
2023-08-08,2,C,37,0,0
2023-08-09,2,C,36,0,0
2023-08-10,2,C,35,0,0
2023-08-11,2,C,55,1,0
2023-08-12,2,C,54,0,0
2023-08-13,2,C,71,1,0
2023-08-14,2,C,58,1,0
2023-08-15,2,C,59,1,0
2023-08-16,2,C,34,0,0
2023-08-17,2,C,32,0,0
2023-08-18,2,C,29,0,0
2023-08-19,2,C,51,0,0
2023-08-20,2,C,42,0,0
2023-08-21,2,C,48,0,0
2023-08-22,2,C,41,0,0
2023-08-23,2,C,30,0,0
2023-08-24,2,C,57,1,0
2023-08-25,2,C,37,0,0
2023-08-26,2,C,52,0,0
2023-08-27,2,C,49,0,0
2023-08-28,2,C,30,0,0
2023-08-29,2,C,32,0,0
2023-08-30,2,C,64,1,0
2023-08-31,2,C,37,0,0
2023-09-01,2,C,39,0,0
2023-09-02,2,C,55,0,0
2023-09-03,2,C,48,0,0
2023-09-04,2,C,50,1,0
2023-09-05,2,C,39,0,0
2023-09-06,2,C,40,0,0
2023-09-07,2,C,35,0,0
2023-09-08,2,C,33,0,0
2023-09-09,2,C,82,1,0
2023-09-10,2,C,53,0,0
2023-09-11,2,C,36,0,0
2023-09-12,2,C,33,0,0
2023-09-13,2,C,42,0,0
2023-09-14,2,C,58,1,0
2023-09-15,2,C,55,1,0
2023-09-16,2,C,80,1,0
2023-09-17,2,C,36,0,0
2023-09-18,2,C,58,1,0
2023-09-19,2,C,41,0,0
2023-09-20,2,C,42,0,0
2023-09-21,2,C,46,0,0
2023-09-22,2,C,51,1,0
2023-09-23,2,C,46,0,0
2023-09-24,2,C,55,0,0
2023-09-25,2,C,41,0,0
2023-09-26,2,C,44,0,0
2023-09-27,2,C,36,0,0
2023-09-28,2,C,39,0,0
2023-09-29,2,C,39,0,0
2023-09-30,2,C,53,0,0
2023-10-01,2,C,53,0,0
2023-10-02,2,C,43,0,0
2023-10-03,2,C,39,0,0
2023-10-04,2,C,63,1,0
2023-10-05,2,C,43,0,0
2023-10-06,2,C,39,0,0
2023-10-07,2,C,50,0,0
2023-10-08,2,C,52,0,0
2023-10-09,2,C,62,1,0
2023-10-10,2,C,54,0,0
2023-10-11,2,C,40,0,0
2023-10-12,2,C,57,1,0
2023-10-13,2,C,30,0,0
2023-10-14,2,C,56,0,0
2023-10-15,2,C,45,0,0
2023-10-16,2,C,52,0,0
2023-10-17,2,C,42,0,0
2023-10-18,2,C,49,0,0
2023-10-19,2,C,44,0,0
2023-10-20,2,C,39,0,0
2023-10-21,2,C,54,0,0
2023-10-22,2,C,74,1,0
2023-10-23,2,C,39,0,0
2023-10-24,2,C,31,0,0
2023-10-25,2,C,62,1,0
2023-10-26,2,C,52,1,0
2023-10-27,2,C,59,1,0
2023-10-28,2,C,56,0,0
2023-10-29,2,C,54,0,0
2023-10-30,2,C,35,0,0
2023-10-31,2,C,46,0,0
2023-11-01,2,C,40,0,0
2023-11-02,2,C,36,0,0
2023-11-03,2,C,32,0,0
2023-11-04,2,C,57,0,0
2023-11-05,2,C,58,0,0
2023-11-06,2,C,43,0,0
2023-11-07,2,C,40,0,0
2023-11-08,2,C,42,0,0
2023-11-09,2,C,44,0,0
2023-11-10,2,C,37,0,0
2023-11-11,2,C,50,0,0
2023-11-12,2,C,54,0,0
2023-11-13,2,C,37,0,0
2023-11-14,2,C,37,0,0
2023-11-15,2,C,41,0,0
2023-11-16,2,C,45,0,0
2023-11-17,2,C,66,1,0
2023-11-18,2,C,80,1,0
2023-11-19,2,C,52,0,0
2023-11-20,2,C,47,0,0
2023-11-21,2,C,64,1,0
2023-11-22,2,C,34,0,0
2023-11-23,2,C,36,0,0
2023-11-24,2,C,44,0,0
2023-11-25,2,C,57,0,0
2023-11-26,2,C,44,0,0
2023-11-27,2,C,40,0,0
2023-11-28,2,C,36,0,0
2023-11-29,2,C,42,0,0
2023-11-30,2,C,47,0,0
2023-12-01,2,C,35,0,0
2023-12-02,2,C,50,0,0
2023-12-03,2,C,52,0,0
2023-12-04,2,C,35,0,0
2023-12-05,2,C,32,0,0
2023-12-06,2,C,37,0,0
2023-12-07,2,C,51,0,0
2023-12-08,2,C,39,0,0
2023-12-09,2,C,52,0,0
2023-12-10,2,C,56,0,0
2023-12-11,2,C,61,1,0
2023-12-12,2,C,48,0,0
2023-12-13,2,C,42,0,0
2023-12-14,2,C,37,0,0
2023-12-15,2,C,44,0,0
2023-12-16,2,C,47,0,0
2023-12-17,2,C,79,1,0
2023-12-18,2,C,36,0,0
2023-12-19,2,C,35,0,0
2023-12-20,2,C,47,0,0
2023-12-21,2,C,45,0,0
2023-12-22,2,C,42,0,0
2023-12-23,2,C,63,0,0
2023-12-24,2,C,50,0,0
2023-12-25,2,C,86,0,1
2023-12-26,2,C,69,1,0
2023-12-27,2,C,42,0,0
2023-12-28,2,C,41,0,0
2023-12-29,2,C,38,0,0
2023-12-30,2,C,57,0,0
2023-12-31,2,C,47,0,0
2023-01-01,2,D,50,0,1
2023-01-02,2,D,21,0,0
2023-01-03,2,D,22,0,0
2023-01-04,2,D,26,0,0
2023-01-05,2,D,23,0,0
2023-01-06,2,D,43,1,0
2023-01-07,2,D,27,0,0
2023-01-08,2,D,36,0,0
2023-01-09,2,D,16,0,0
2023-01-10,2,D,23,0,0
2023-01-11,2,D,23,0,0
2023-01-12,2,D,41,1,0
2023-01-13,2,D,21,0,0
2023-01-14,2,D,53,1,0
2023-01-15,2,D,22,0,0
2023-01-16,2,D,19,0,0
2023-01-17,2,D,19,0,0
2023-01-18,2,D,16,0,0
2023-01-19,2,D,34,1,0
2023-01-20,2,D,33,1,0
2023-01-21,2,D,35,0,0
2023-01-22,2,D,24,0,0
2023-01-23,2,D,34,0,0
2023-01-24,2,D,31,0,0
2023-01-25,2,D,20,0,0
2023-01-26,2,D,26,0,0
2023-01-27,2,D,20,0,0
2023-01-28,2,D,33,0,0
2023-01-29,2,D,38,1,0
2023-01-30,2,D,26,0,0
2023-01-31,2,D,21,0,0
2023-02-01,2,D,16,0,0
2023-02-02,2,D,23,0,0
2023-02-03,2,D,23,0,0
2023-02-04,2,D,31,0,0
2023-02-05,2,D,39,0,0
2023-02-06,2,D,21,0,0
2023-02-07,2,D,22,0,0
2023-02-08,2,D,16,0,0
2023-02-09,2,D,37,1,0
2023-02-10,2,D,22,0,0
2023-02-11,2,D,25,0,0
2023-02-12,2,D,31,0,0
2023-02-13,2,D,19,0,0
2023-02-14,2,D,34,0,0
2023-02-15,2,D,21,0,0
2023-02-16,2,D,29,1,0
2023-02-17,2,D,26,0,0
2023-02-18,2,D,17,0,0
2023-02-19,2,D,39,1,0
2023-02-20,2,D,28,0,0
2023-02-21,2,D,17,0,0
2023-02-22,2,D,27,0,0
2023-02-23,2,D,28,0,0
2023-02-24,2,D,43,1,0
2023-02-25,2,D,24,0,0
2023-02-26,2,D,42,1,0
2023-02-27,2,D,28,0,0
2023-02-28,2,D,29,0,0
2023-03-01,2,D,20,0,0
2023-03-02,2,D,15,0,0
2023-03-03,2,D,17,0,0
2023-03-04,2,D,24,0,0
2023-03-05,2,D,29,0,0
2023-03-06,2,D,25,0,0
2023-03-07,2,D,21,0,0
2023-03-08,2,D,24,0,0
2023-03-09,2,D,30,0,0
2023-03-10,2,D,32,1,0
2023-03-11,2,D,30,0,0
2023-03-12,2,D,34,0,0
2023-03-13,2,D,26,0,0
2023-03-14,2,D,26,0,0
2023-03-15,2,D,33,1,0
2023-03-16,2,D,39,1,0
2023-03-17,2,D,24,0,0
2023-03-18,2,D,25,0,0
2023-03-19,2,D,31,0,0
2023-03-20,2,D,34,1,0
2023-03-21,2,D,13,0,0
2023-03-22,2,D,34,0,0
2023-03-23,2,D,24,0,0
2023-03-24,2,D,34,0,0
2023-03-25,2,D,33,0,0
2023-03-26,2,D,26,0,0
2023-03-27,2,D,30,1,0
2023-03-28,2,D,37,1,0
2023-03-29,2,D,25,0,0
2023-03-30,2,D,20,0,0
2023-03-31,2,D,20,1,0
2023-04-01,2,D,32,0,0
2023-04-02,2,D,41,0,0
2023-04-03,2,D,34,0,0
2023-04-04,2,D,27,0,0
2023-04-05,2,D,22,0,0
2023-04-06,2,D,25,0,0
2023-04-07,2,D,20,0,0
2023-04-08,2,D,34,0,0
2023-04-09,2,D,25,0,0
2023-04-10,2,D,25,0,0
2023-04-11,2,D,29,0,0
2023-04-12,2,D,26,0,0
2023-04-13,2,D,20,0,0
2023-04-14,2,D,31,0,0
2023-04-15,2,D,47,1,0
2023-04-16,2,D,31,0,0
2023-04-17,2,D,27,0,0
2023-04-18,2,D,20,1,0
2023-04-19,2,D,20,0,0
2023-04-20,2,D,34,1,0
2023-04-21,2,D,30,0,0
2023-04-22,2,D,24,0,0
2023-04-23,2,D,33,0,0
2023-04-24,2,D,20,0,0
2023-04-25,2,D,22,0,0
2023-04-26,2,D,32,1,0
2023-04-27,2,D,21,0,0
2023-04-28,2,D,24,0,0
2023-04-29,2,D,31,0,0
2023-04-30,2,D,28,0,0
2023-05-01,2,D,26,1,0
2023-05-02,2,D,20,0,0
2023-05-03,2,D,20,0,0
2023-05-04,2,D,27,0,0
2023-05-05,2,D,19,0,0
2023-05-06,2,D,28,0,0
2023-05-07,2,D,37,0,0
2023-05-08,2,D,22,0,0
2023-05-09,2,D,39,1,0
2023-05-10,2,D,19,0,0
2023-05-11,2,D,42,1,0
2023-05-12,2,D,24,0,0
2023-05-13,2,D,25,0,0
2023-05-14,2,D,35,0,0
2023-05-15,2,D,23,0,0
2023-05-16,2,D,29,0,0
2023-05-17,2,D,43,1,0
2023-05-18,2,D,22,0,0
2023-05-19,2,D,25,0,0
2023-05-20,2,D,32,0,0
2023-05-21,2,D,39,0,0
2023-05-22,2,D,20,0,0
2023-05-23,2,D,17,0,0
2023-05-24,2,D,23,0,0
2023-05-25,2,D,32,1,0
2023-05-26,2,D,24,0,0
2023-05-27,2,D,39,0,0
2023-05-28,2,D,33,0,0
2023-05-29,2,D,26,0,0
2023-05-30,2,D,36,0,0
2023-05-31,2,D,36,1,0
2023-06-01,2,D,21,0,0
2023-06-02,2,D,25,0,0
2023-06-03,2,D,29,0,0
2023-06-04,2,D,50,1,0
2023-06-05,2,D,19,0,0
2023-06-06,2,D,20,0,0
2023-06-07,2,D,12,0,0
2023-06-08,2,D,35,1,0
2023-06-09,2,D,22,0,0
2023-06-10,2,D,49,1,0
2023-06-11,2,D,45,0,0
2023-06-12,2,D,30,0,0
2023-06-13,2,D,29,0,0
2023-06-14,2,D,16,0,0
2023-06-15,2,D,28,0,0
2023-06-16,2,D,28,0,0
2023-06-17,2,D,34,0,0
2023-06-18,2,D,28,0,0
2023-06-19,2,D,26,0,0
2023-06-20,2,D,27,0,0
2023-06-21,2,D,23,0,0
2023-06-22,2,D,27,0,0
2023-06-23,2,D,28,0,0
2023-06-24,2,D,31,0,0
2023-06-25,2,D,27,0,0
2023-06-26,2,D,16,0,0
2023-06-27,2,D,23,0,0
2023-06-28,2,D,20,0,0
2023-06-29,2,D,23,0,0
2023-06-30,2,D,27,0,0
2023-07-01,2,D,34,0,0
2023-07-02,2,D,30,0,0
2023-07-03,2,D,21,0,0
2023-07-04,2,D,23,0,0
2023-07-05,2,D,32,0,0
2023-07-06,2,D,28,1,0
2023-07-07,2,D,23,0,0
2023-07-08,2,D,43,1,0
2023-07-09,2,D,37,0,0
2023-07-10,2,D,39,1,0
2023-07-11,2,D,38,1,0
2023-07-12,2,D,20,0,0
2023-07-13,2,D,19,0,0
2023-07-14,2,D,27,0,0
2023-07-15,2,D,32,0,0
2023-07-16,2,D,28,0,0
2023-07-17,2,D,25,0,0
2023-07-18,2,D,24,0,0
2023-07-19,2,D,30,0,0
2023-07-20,2,D,27,0,0
2023-07-21,2,D,24,0,0
2023-07-22,2,D,50,1,0
2023-07-23,2,D,51,1,0
2023-07-24,2,D,25,0,0
2023-07-25,2,D,18,0,0
2023-07-26,2,D,44,1,0
2023-07-27,2,D,36,0,0
2023-07-28,2,D,31,0,0
2023-07-29,2,D,38,0,0
2023-07-30,2,D,31,0,0
2023-07-31,2,D,46,1,0
2023-08-01,2,D,27,0,0
2023-08-02,2,D,30,0,0
2023-08-03,2,D,26,0,0
2023-08-04,2,D,32,1,0
2023-08-05,2,D,32,0,0
2023-08-06,2,D,54,1,0
2023-08-07,2,D,36,1,0
2023-08-08,2,D,26,0,0
2023-08-09,2,D,23,0,0
2023-08-10,2,D,22,0,0
2023-08-11,2,D,11,0,0
2023-08-12,2,D,23,0,0
2023-08-13,2,D,28,0,0
2023-08-14,2,D,23,0,0
2023-08-15,2,D,31,0,0
2023-08-16,2,D,21,0,0
2023-08-17,2,D,34,1,0
2023-08-18,2,D,35,0,0
2023-08-19,2,D,38,0,0
2023-08-20,2,D,48,0,0
2023-08-21,2,D,29,0,0
2023-08-22,2,D,21,0,0
2023-08-23,2,D,13,0,0
2023-08-24,2,D,27,0,0
2023-08-25,2,D,34,0,0
2023-08-26,2,D,30,0,0
2023-08-27,2,D,36,0,0
2023-08-28,2,D,21,0,0
2023-08-29,2,D,21,0,0
2023-08-30,2,D,24,0,0
2023-08-31,2,D,32,0,0
2023-09-01,2,D,26,0,0
2023-09-02,2,D,35,0,0
2023-09-03,2,D,31,0,0
2023-09-04,2,D,26,0,0
2023-09-05,2,D,39,1,0
2023-09-06,2,D,28,0,0
2023-09-07,2,D,36,1,0
2023-09-08,2,D,27,0,0
2023-09-09,2,D,21,0,0
2023-09-10,2,D,25,0,0
2023-09-11,2,D,26,0,0
2023-09-12,2,D,33,1,0
2023-09-13,2,D,28,0,0
2023-09-14,2,D,38,1,0
2023-09-15,2,D,27,0,0
2023-09-16,2,D,38,0,0
2023-09-17,2,D,32,0,0
2023-09-18,2,D,18,0,0
2023-09-19,2,D,21,0,0
2023-09-20,2,D,31,0,0
2023-09-21,2,D,33,0,0
2023-09-22,2,D,23,0,0
2023-09-23,2,D,51,1,0
2023-09-24,2,D,25,0,0
2023-09-25,2,D,28,0,0
2023-09-26,2,D,43,1,0
2023-09-27,2,D,24,0,0
2023-09-28,2,D,30,0,0
2023-09-29,2,D,31,0,0
2023-09-30,2,D,32,0,0
2023-10-01,2,D,24,0,0
2023-10-02,2,D,33,1,0
2023-10-03,2,D,28,0,0
2023-10-04,2,D,26,0,0
2023-10-05,2,D,24,0,0
2023-10-06,2,D,18,0,0
2023-10-07,2,D,47,1,0
2023-10-08,2,D,38,0,0
2023-10-09,2,D,34,0,0
2023-10-10,2,D,26,0,0
2023-10-11,2,D,17,0,0
2023-10-12,2,D,27,0,0
2023-10-13,2,D,27,0,0
2023-10-14,2,D,32,0,0
2023-10-15,2,D,48,1,0
2023-10-16,2,D,26,0,0
2023-10-17,2,D,43,1,0
2023-10-18,2,D,25,0,0
2023-10-19,2,D,24,0,0
2023-10-20,2,D,26,0,0
2023-10-21,2,D,36,0,0
2023-10-22,2,D,35,0,0
2023-10-23,2,D,40,1,0
2023-10-24,2,D,23,0,0
2023-10-25,2,D,43,1,0
2023-10-26,2,D,46,1,0
2023-10-27,2,D,26,0,0
2023-10-28,2,D,38,0,0
2023-10-29,2,D,36,0,0
2023-10-30,2,D,21,0,0
2023-10-31,2,D,30,0,0
2023-11-01,2,D,26,0,0
2023-11-02,2,D,30,0,0
2023-11-03,2,D,34,0,0
2023-11-04,2,D,33,0,0
2023-11-05,2,D,30,0,0
2023-11-06,2,D,23,0,0
2023-11-07,2,D,29,0,0
2023-11-08,2,D,29,0,0
2023-11-09,2,D,43,1,0
2023-11-10,2,D,38,1,0
2023-11-11,2,D,35,0,0
2023-11-12,2,D,52,1,0
2023-11-13,2,D,34,0,0
2023-11-14,2,D,38,1,0
2023-11-15,2,D,24,0,0
2023-11-16,2,D,24,0,0
2023-11-17,2,D,45,1,0
2023-11-18,2,D,39,0,0
2023-11-19,2,D,46,1,0
2023-11-20,2,D,20,0,0
2023-11-21,2,D,42,1,0
2023-11-22,2,D,40,1,0
2023-11-23,2,D,18,0,0
2023-11-24,2,D,21,0,0
2023-11-25,2,D,35,0,0
2023-11-26,2,D,48,0,0
2023-11-27,2,D,30,0,0
2023-11-28,2,D,22,0,0
2023-11-29,2,D,34,0,0
2023-11-30,2,D,22,0,0
2023-12-01,2,D,24,0,0
2023-12-02,2,D,42,0,0
2023-12-03,2,D,30,0,0
2023-12-04,2,D,35,0,0
2023-12-05,2,D,17,0,0
2023-12-06,2,D,29,0,0
2023-12-07,2,D,28,0,0
2023-12-08,2,D,32,0,0
2023-12-09,2,D,54,1,0
2023-12-10,2,D,36,0,0
2023-12-11,2,D,24,0,0
2023-12-12,2,D,26,0,0
2023-12-13,2,D,34,0,0
2023-12-14,2,D,29,0,0
2023-12-15,2,D,30,0,0
2023-12-16,2,D,36,0,0
2023-12-17,2,D,34,0,0
2023-12-18,2,D,18,0,0
2023-12-19,2,D,47,1,0
2023-12-20,2,D,31,0,0
2023-12-21,2,D,27,0,0
2023-12-22,2,D,37,1,0
2023-12-23,2,D,39,0,0
2023-12-24,2,D,31,0,0
2023-12-25,2,D,58,0,1
2023-12-26,2,D,24,0,0
2023-12-27,2,D,29,0,0
2023-12-28,2,D,34,0,0
2023-12-29,2,D,28,0,0
2023-12-30,2,D,56,1,0
2023-12-31,2,D,45,0,0
2023-01-01,3,A,120,1,1
2023-01-02,3,A,45,1,0
2023-01-03,3,A,41,0,0
2023-01-04,3,A,25,0,0
2023-01-05,3,A,24,0,0
2023-01-06,3,A,33,0,0
2023-01-07,3,A,39,0,0
2023-01-08,3,A,34,0,0
2023-01-09,3,A,23,0,0
2023-01-10,3,A,28,0,0
2023-01-11,3,A,39,0,0
2023-01-12,3,A,22,0,0
2023-01-13,3,A,30,0,0
2023-01-14,3,A,38,0,0
2023-01-15,3,A,37,0,0
2023-01-16,3,A,36,0,0
2023-01-17,3,A,36,0,0
2023-01-18,3,A,27,0,0
2023-01-19,3,A,31,0,0
2023-01-20,3,A,36,0,0
2023-01-21,3,A,42,0,0
2023-01-22,3,A,37,0,0
2023-01-23,3,A,44,0,0
2023-01-24,3,A,38,0,0
2023-01-25,3,A,25,0,0
2023-01-26,3,A,33,0,0
2023-01-27,3,A,37,1,0
2023-01-28,3,A,36,0,0
2023-01-29,3,A,35,0,0
2023-01-30,3,A,37,0,0
2023-01-31,3,A,35,0,0
2023-02-01,3,A,29,0,0
2023-02-02,3,A,26,0,0
2023-02-03,3,A,26,0,0
2023-02-04,3,A,32,0,0
2023-02-05,3,A,38,0,0
2023-02-06,3,A,32,0,0
2023-02-07,3,A,26,0,0
2023-02-08,3,A,35,0,0
2023-02-09,3,A,47,1,0
2023-02-10,3,A,31,0,0
2023-02-11,3,A,37,0,0
2023-02-12,3,A,45,0,0
2023-02-13,3,A,31,0,0
2023-02-14,3,A,30,0,0
2023-02-15,3,A,29,0,0
2023-02-16,3,A,26,0,0
2023-02-17,3,A,48,1,0
2023-02-18,3,A,42,0,0
2023-02-19,3,A,37,0,0
2023-02-20,3,A,33,0,0
2023-02-21,3,A,49,1,0
2023-02-22,3,A,27,0,0
2023-02-23,3,A,32,0,0
2023-02-24,3,A,28,0,0
2023-02-25,3,A,58,1,0
2023-02-26,3,A,40,0,0
2023-02-27,3,A,27,0,0
2023-02-28,3,A,31,0,0
2023-03-01,3,A,33,0,0
2023-03-02,3,A,23,0,0
2023-03-03,3,A,34,0,0
2023-03-04,3,A,46,0,0
2023-03-05,3,A,42,0,0
2023-03-06,3,A,35,0,0
2023-03-07,3,A,22,0,0
2023-03-08,3,A,41,0,0
2023-03-09,3,A,36,0,0
2023-03-10,3,A,32,0,0
2023-03-11,3,A,45,0,0
2023-03-12,3,A,34,0,0
2023-03-13,3,A,35,0,0
2023-03-14,3,A,44,1,0
2023-03-15,3,A,29,0,0
2023-03-16,3,A,24,0,0
2023-03-17,3,A,38,0,0
2023-03-18,3,A,41,0,0
2023-03-19,3,A,46,0,0
2023-03-20,3,A,32,0,0
2023-03-21,3,A,44,1,0
2023-03-22,3,A,31,0,0
2023-03-23,3,A,43,1,0
2023-03-24,3,A,34,0,0
2023-03-25,3,A,63,1,0
2023-03-26,3,A,36,0,0
2023-03-27,3,A,35,0,0
2023-03-28,3,A,35,0,0
2023-03-29,3,A,29,0,0
2023-03-30,3,A,30,0,0
2023-03-31,3,A,34,0,0
2023-04-01,3,A,34,0,0
2023-04-02,3,A,45,0,0
2023-04-03,3,A,36,0,0
2023-04-04,3,A,35,0,0
2023-04-05,3,A,29,0,0
2023-04-06,3,A,35,0,0
2023-04-07,3,A,30,0,0
2023-04-08,3,A,46,0,0
2023-04-09,3,A,36,0,0
2023-04-10,3,A,32,0,0
2023-04-11,3,A,25,0,0
2023-04-12,3,A,44,1,0
2023-04-13,3,A,44,1,0
2023-04-14,3,A,28,0,0
2023-04-15,3,A,37,0,0
2023-04-16,3,A,38,0,0
2023-04-17,3,A,27,0,0
2023-04-18,3,A,37,0,0
2023-04-19,3,A,25,0,0
2023-04-20,3,A,31,0,0
2023-04-21,3,A,32,0,0
2023-04-22,3,A,58,1,0
2023-04-23,3,A,41,0,0
2023-04-24,3,A,38,0,0
2023-04-25,3,A,38,0,0
2023-04-26,3,A,31,0,0
2023-04-27,3,A,32,0,0
2023-04-28,3,A,38,0,0
2023-04-29,3,A,43,0,0
2023-04-30,3,A,46,0,0
2023-05-01,3,A,25,0,0
2023-05-02,3,A,43,1,0
2023-05-03,3,A,25,0,0
2023-05-04,3,A,39,0,0
2023-05-05,3,A,27,0,0
2023-05-06,3,A,62,1,0
2023-05-07,3,A,64,1,0
2023-05-08,3,A,46,1,0
2023-05-09,3,A,26,0,0
2023-05-10,3,A,39,0,0
2023-05-11,3,A,34,0,0
2023-05-12,3,A,36,0,0
2023-05-13,3,A,41,0,0
2023-05-14,3,A,38,0,0
2023-05-15,3,A,39,0,0
2023-05-16,3,A,29,0,0
2023-05-17,3,A,31,0,0
2023-05-18,3,A,32,0,0
2023-05-19,3,A,28,0,0
2023-05-20,3,A,66,1,0
2023-05-21,3,A,47,0,0
2023-05-22,3,A,31,0,0
2023-05-23,3,A,27,0,0
2023-05-24,3,A,25,0,0
2023-05-25,3,A,31,0,0
2023-05-26,3,A,37,0,0
2023-05-27,3,A,61,1,0
2023-05-28,3,A,47,0,0
2023-05-29,3,A,41,0,0
2023-05-30,3,A,53,1,0
2023-05-31,3,A,30,0,0
2023-06-01,3,A,26,0,0
2023-06-02,3,A,33,0,0
2023-06-03,3,A,52,0,0
2023-06-04,3,A,40,0,0
2023-06-05,3,A,38,1,0
2023-06-06,3,A,30,0,0
2023-06-07,3,A,54,1,0
2023-06-08,3,A,55,1,0
2023-06-09,3,A,27,0,0
2023-06-10,3,A,58,1,0
2023-06-11,3,A,31,0,0
2023-06-12,3,A,52,1,0
2023-06-13,3,A,26,0,0
2023-06-14,3,A,28,0,0
2023-06-15,3,A,40,0,0
2023-06-16,3,A,50,1,0
2023-06-17,3,A,39,0,0
2023-06-18,3,A,44,0,0
2023-06-19,3,A,27,0,0
2023-06-20,3,A,36,0,0
2023-06-21,3,A,28,0,0
2023-06-22,3,A,45,1,0
2023-06-23,3,A,40,0,0
2023-06-24,3,A,46,0,0
2023-06-25,3,A,36,0,0
2023-06-26,3,A,52,1,0
2023-06-27,3,A,25,0,0
2023-06-28,3,A,38,0,0
2023-06-29,3,A,36,0,0
2023-06-30,3,A,39,0,0
2023-07-01,3,A,41,0,0
2023-07-02,3,A,41,0,0
2023-07-03,3,A,40,1,0
2023-07-04,3,A,22,0,0
2023-07-05,3,A,39,0,0
2023-07-06,3,A,30,0,0
2023-07-07,3,A,24,0,0
2023-07-08,3,A,37,0,0
2023-07-09,3,A,35,0,0
2023-07-10,3,A,48,1,0
2023-07-11,3,A,33,0,0
2023-07-12,3,A,52,1,0
2023-07-13,3,A,30,0,0
2023-07-14,3,A,50,1,0
2023-07-15,3,A,48,0,0
2023-07-16,3,A,38,0,0
2023-07-17,3,A,21,0,0
2023-07-18,3,A,36,0,0
2023-07-19,3,A,45,0,0
2023-07-20,3,A,33,0,0
2023-07-21,3,A,34,0,0
2023-07-22,3,A,42,0,0
2023-07-23,3,A,42,0,0
2023-07-24,3,A,43,1,0
2023-07-25,3,A,54,1,0
2023-07-26,3,A,30,0,0
2023-07-27,3,A,28,0,0
2023-07-28,3,A,35,0,0
2023-07-29,3,A,43,0,0
2023-07-30,3,A,45,0,0
2023-07-31,3,A,30,0,0
2023-08-01,3,A,27,0,0
2023-08-02,3,A,27,0,0
2023-08-03,3,A,34,0,0
2023-08-04,3,A,31,0,0
2023-08-05,3,A,39,0,0
2023-08-06,3,A,44,0,0
2023-08-07,3,A,27,0,0
2023-08-08,3,A,33,0,0
2023-08-09,3,A,56,1,0
2023-08-10,3,A,46,0,0
2023-08-11,3,A,37,0,0
2023-08-12,3,A,49,0,0
2023-08-13,3,A,44,0,0
2023-08-14,3,A,31,0,0
2023-08-15,3,A,46,1,0
2023-08-16,3,A,33,0,0
2023-08-17,3,A,29,0,0
2023-08-18,3,A,45,1,0
2023-08-19,3,A,33,0,0
2023-08-20,3,A,44,0,0
2023-08-21,3,A,32,0,0
2023-08-22,3,A,51,1,0
2023-08-23,3,A,44,0,0
2023-08-24,3,A,28,0,0
2023-08-25,3,A,29,0,0
2023-08-26,3,A,70,1,0
2023-08-27,3,A,71,1,0
2023-08-28,3,A,31,0,0
2023-08-29,3,A,34,0,0
2023-08-30,3,A,35,0,0
2023-08-31,3,A,31,0,0
2023-09-01,3,A,30,0,0
2023-09-02,3,A,37,0,0
2023-09-03,3,A,43,0,0
2023-09-04,3,A,38,0,0
2023-09-05,3,A,55,1,0
2023-09-06,3,A,46,1,0
2023-09-07,3,A,30,0,0
2023-09-08,3,A,38,0,0
2023-09-09,3,A,73,1,0
2023-09-10,3,A,43,0,0
2023-09-11,3,A,36,0,0
2023-09-12,3,A,31,0,0
2023-09-13,3,A,58,1,0
2023-09-14,3,A,53,1,0
2023-09-15,3,A,36,0,0
2023-09-16,3,A,46,0,0
2023-09-17,3,A,44,0,0
2023-09-18,3,A,35,0,0
2023-09-19,3,A,39,0,0
2023-09-20,3,A,30,0,0
2023-09-21,3,A,34,0,0
2023-09-22,3,A,32,0,0
2023-09-23,3,A,48,0,0
2023-09-24,3,A,47,0,0
2023-09-25,3,A,48,1,0
2023-09-26,3,A,34,0,0
2023-09-27,3,A,32,0,0
2023-09-28,3,A,51,1,0
2023-09-29,3,A,31,0,0
2023-09-30,3,A,41,0,0
2023-10-01,3,A,57,1,0
2023-10-02,3,A,45,1,0
2023-10-03,3,A,42,0,0
2023-10-04,3,A,48,1,0
2023-10-05,3,A,57,1,0
2023-10-06,3,A,40,0,0
2023-10-07,3,A,40,0,0
2023-10-08,3,A,35,0,0
2023-10-09,3,A,42,1,0
2023-10-10,3,A,30,0,0
2023-10-11,3,A,44,0,0
2023-10-12,3,A,49,1,0
2023-10-13,3,A,35,0,0
2023-10-14,3,A,74,1,0
2023-10-15,3,A,68,1,0
2023-10-16,3,A,52,1,0
2023-10-17,3,A,37,0,0
2023-10-18,3,A,48,1,0
2023-10-19,3,A,35,0,0
2023-10-20,3,A,36,0,0
2023-10-21,3,A,49,0,0
2023-10-22,3,A,70,1,0
2023-10-23,3,A,40,0,0
2023-10-24,3,A,32,0,0
2023-10-25,3,A,35,0,0
2023-10-26,3,A,22,0,0
2023-10-27,3,A,32,0,0
2023-10-28,3,A,41,0,0
2023-10-29,3,A,49,0,0
2023-10-30,3,A,35,0,0
2023-10-31,3,A,36,0,0
2023-11-01,3,A,33,0,0
2023-11-02,3,A,37,0,0
2023-11-03,3,A,37,0,0
2023-11-04,3,A,42,0,0
2023-11-05,3,A,43,0,0
2023-11-06,3,A,34,0,0
2023-11-07,3,A,35,0,0
2023-11-08,3,A,46,1,0
2023-11-09,3,A,29,0,0
2023-11-10,3,A,34,0,0
2023-11-11,3,A,51,0,0
2023-11-12,3,A,49,0,0
2023-11-13,3,A,30,0,0
2023-11-14,3,A,37,0,0
2023-11-15,3,A,31,0,0
2023-11-16,3,A,30,0,0
2023-11-17,3,A,38,0,0
2023-11-18,3,A,41,0,0
2023-11-19,3,A,63,1,0
2023-11-20,3,A,35,0,0
2023-11-21,3,A,32,0,0
2023-11-22,3,A,26,0,0
2023-11-23,3,A,33,0,0
2023-11-24,3,A,30,0,0
2023-11-25,3,A,46,0,0
2023-11-26,3,A,56,0,0
2023-11-27,3,A,62,1,0
2023-11-28,3,A,41,0,0
2023-11-29,3,A,53,1,0
2023-11-30,3,A,35,0,0
2023-12-01,3,A,37,0,0
2023-12-02,3,A,39,0,0
2023-12-03,3,A,44,0,0
2023-12-04,3,A,36,0,0
2023-12-05,3,A,40,0,0
2023-12-06,3,A,28,0,0
2023-12-07,3,A,48,0,0
2023-12-08,3,A,36,0,0
2023-12-09,3,A,43,0,0
2023-12-10,3,A,45,0,0
2023-12-11,3,A,36,0,0
2023-12-12,3,A,24,0,0
2023-12-13,3,A,33,0,0
2023-12-14,3,A,39,0,0
2023-12-15,3,A,30,0,0
2023-12-16,3,A,56,0,0
2023-12-17,3,A,47,0,0
2023-12-18,3,A,30,0,0
2023-12-19,3,A,30,0,0
2023-12-20,3,A,39,0,0
2023-12-21,3,A,37,0,0
2023-12-22,3,A,37,0,0
2023-12-23,3,A,70,1,0
2023-12-24,3,A,47,0,0
2023-12-25,3,A,74,0,1
2023-12-26,3,A,39,0,0
2023-12-27,3,A,54,1,0
2023-12-28,3,A,35,0,0
2023-12-29,3,A,31,0,0
2023-12-30,3,A,46,0,0
2023-12-31,3,A,69,1,0
2023-01-01,3,B,86,0,1
2023-01-02,3,B,31,0,0
2023-01-03,3,B,36,0,0
2023-01-04,3,B,35,0,0
2023-01-05,3,B,38,0,0
2023-01-06,3,B,33,0,0
2023-01-07,3,B,48,0,0
2023-01-08,3,B,42,0,0
2023-01-09,3,B,38,0,0
2023-01-10,3,B,32,0,0
2023-01-11,3,B,18,0,0
2023-01-12,3,B,35,0,0
2023-01-13,3,B,32,0,0
2023-01-14,3,B,63,1,0
2023-01-15,3,B,38,0,0
2023-01-16,3,B,36,0,0
2023-01-17,3,B,27,0,0
2023-01-18,3,B,53,1,0
2023-01-19,3,B,33,0,0
2023-01-20,3,B,36,0,0
2023-01-21,3,B,65,1,0
2023-01-22,3,B,71,1,0
2023-01-23,3,B,35,0,0
2023-01-24,3,B,33,0,0
2023-01-25,3,B,21,0,0
2023-01-26,3,B,39,0,0
2023-01-27,3,B,25,0,0
2023-01-28,3,B,36,0,0
2023-01-29,3,B,47,0,0
2023-01-30,3,B,33,0,0
2023-01-31,3,B,42,1,0
2023-02-01,3,B,30,0,0
2023-02-02,3,B,39,0,0
2023-02-03,3,B,34,0,0
2023-02-04,3,B,43,0,0
2023-02-05,3,B,40,0,0
2023-02-06,3,B,54,1,0
2023-02-07,3,B,33,0,0
2023-02-08,3,B,36,0,0
2023-02-09,3,B,29,0,0
2023-02-10,3,B,44,0,0
2023-02-11,3,B,50,0,0
2023-02-12,3,B,44,0,0
2023-02-13,3,B,35,0,0
2023-02-14,3,B,30,0,0
2023-02-15,3,B,54,1,0
2023-02-16,3,B,23,0,0
2023-02-17,3,B,42,0,0
2023-02-18,3,B,69,1,0
2023-02-19,3,B,39,0,0
2023-02-20,3,B,42,0,0
2023-02-21,3,B,43,0,0
2023-02-22,3,B,35,0,0
2023-02-23,3,B,29,0,0
2023-02-24,3,B,34,0,0
2023-02-25,3,B,69,1,0
2023-02-26,3,B,45,0,0
2023-02-27,3,B,46,1,0
2023-02-28,3,B,36,0,0
2023-03-01,3,B,56,1,0
2023-03-02,3,B,28,0,0
2023-03-03,3,B,28,0,0
2023-03-04,3,B,41,0,0
2023-03-05,3,B,43,0,0
2023-03-06,3,B,38,0,0
2023-03-07,3,B,39,0,0
2023-03-08,3,B,47,1,0
2023-03-09,3,B,35,0,0
2023-03-10,3,B,39,0,0
2023-03-11,3,B,55,0,0
2023-03-12,3,B,67,1,0
2023-03-13,3,B,35,0,0
2023-03-14,3,B,36,0,0
2023-03-15,3,B,32,0,0
2023-03-16,3,B,34,0,0
2023-03-17,3,B,24,0,0
2023-03-18,3,B,41,0,0
2023-03-19,3,B,47,0,0
2023-03-20,3,B,29,0,0
2023-03-21,3,B,38,0,0
2023-03-22,3,B,25,0,0
2023-03-23,3,B,38,0,0
2023-03-24,3,B,38,0,0
2023-03-25,3,B,55,0,0
2023-03-26,3,B,43,0,0
2023-03-27,3,B,34,0,0
2023-03-28,3,B,42,0,0
2023-03-29,3,B,41,0,0
2023-03-30,3,B,57,1,0
2023-03-31,3,B,36,0,0
2023-04-01,3,B,75,1,0
2023-04-02,3,B,58,0,0
2023-04-03,3,B,37,0,0
2023-04-04,3,B,52,1,0
2023-04-05,3,B,38,0,0
2023-04-06,3,B,35,0,0
2023-04-07,3,B,33,0,0
2023-04-08,3,B,49,0,0
2023-04-09,3,B,42,0,0
2023-04-10,3,B,55,1,0
2023-04-11,3,B,44,1,0
2023-04-12,3,B,43,0,0
2023-04-13,3,B,31,0,0
2023-04-14,3,B,28,0,0
2023-04-15,3,B,52,0,0
2023-04-16,3,B,53,0,0
2023-04-17,3,B,36,0,0
2023-04-18,3,B,51,1,0
2023-04-19,3,B,33,0,0
2023-04-20,3,B,36,0,0
2023-04-21,3,B,34,0,0
2023-04-22,3,B,67,1,0
2023-04-23,3,B,63,1,0
2023-04-24,3,B,29,0,0
2023-04-25,3,B,35,0,0
2023-04-26,3,B,53,1,0
2023-04-27,3,B,49,1,0
2023-04-28,3,B,32,0,0
2023-04-29,3,B,46,0,0
2023-04-30,3,B,41,0,0
2023-05-01,3,B,40,0,0
2023-05-02,3,B,37,0,0
2023-05-03,3,B,31,0,0
2023-05-04,3,B,37,0,0
2023-05-05,3,B,30,0,0
2023-05-06,3,B,49,0,0
2023-05-07,3,B,41,0,0
2023-05-08,3,B,52,1,0
2023-05-09,3,B,36,0,0
2023-05-10,3,B,43,0,0
2023-05-11,3,B,31,0,0
2023-05-12,3,B,31,0,0
2023-05-13,3,B,38,0,0
2023-05-14,3,B,55,0,0
2023-05-15,3,B,35,0,0
2023-05-16,3,B,40,0,0
2023-05-17,3,B,50,1,0
2023-05-18,3,B,33,0,0
2023-05-19,3,B,53,1,0
2023-05-20,3,B,46,0,0
2023-05-21,3,B,49,0,0
2023-05-22,3,B,53,1,0
2023-05-23,3,B,33,0,0
2023-05-24,3,B,45,0,0
2023-05-25,3,B,31,0,0
2023-05-26,3,B,31,0,0
2023-05-27,3,B,42,0,0
2023-05-28,3,B,50,0,0
2023-05-29,3,B,37,0,0
2023-05-30,3,B,34,0,0
2023-05-31,3,B,31,0,0
2023-06-01,3,B,36,0,0
2023-06-02,3,B,40,0,0
2023-06-03,3,B,54,0,0
2023-06-04,3,B,43,0,0
2023-06-05,3,B,52,1,0
2023-06-06,3,B,38,0,0
2023-06-07,3,B,33,0,0
2023-06-08,3,B,29,0,0
2023-06-09,3,B,53,1,0
2023-06-10,3,B,40,0,0
2023-06-11,3,B,51,0,0
2023-06-12,3,B,34,0,0
2023-06-13,3,B,35,0,0
2023-06-14,3,B,50,1,0
2023-06-15,3,B,35,0,0
2023-06-16,3,B,42,0,0
2023-06-17,3,B,52,0,0
2023-06-18,3,B,41,0,0
2023-06-19,3,B,22,0,0
2023-06-20,3,B,35,0,0
2023-06-21,3,B,34,0,0
2023-06-22,3,B,34,0,0
2023-06-23,3,B,33,0,0
2023-06-24,3,B,41,0,0
2023-06-25,3,B,58,0,0
2023-06-26,3,B,45,0,0
2023-06-27,3,B,34,0,0
2023-06-28,3,B,36,0,0
2023-06-29,3,B,41,0,0
2023-06-30,3,B,36,0,0
2023-07-01,3,B,68,1,0
2023-07-02,3,B,40,0,0
2023-07-03,3,B,36,0,0
2023-07-04,3,B,48,1,0
2023-07-05,3,B,42,0,0
2023-07-06,3,B,36,0,0
2023-07-07,3,B,39,0,0
2023-07-08,3,B,45,0,0
2023-07-09,3,B,51,0,0
2023-07-10,3,B,33,0,0
2023-07-11,3,B,56,1,0
2023-07-12,3,B,34,0,0
2023-07-13,3,B,35,0,0
2023-07-14,3,B,41,0,0
2023-07-15,3,B,43,0,0
2023-07-16,3,B,49,0,0
2023-07-17,3,B,43,0,0
2023-07-18,3,B,41,0,0
2023-07-19,3,B,33,0,0
2023-07-20,3,B,57,1,0
2023-07-21,3,B,28,0,0
2023-07-22,3,B,52,0,0
2023-07-23,3,B,60,0,0
2023-07-24,3,B,38,0,0
2023-07-25,3,B,43,0,0
2023-07-26,3,B,48,1,0
2023-07-27,3,B,31,0,0
2023-07-28,3,B,35,0,0
2023-07-29,3,B,47,0,0
2023-07-30,3,B,73,1,0
2023-07-31,3,B,33,0,0
2023-08-01,3,B,55,1,0
2023-08-02,3,B,41,0,0
2023-08-03,3,B,39,0,0
2023-08-04,3,B,35,0,0
2023-08-05,3,B,51,0,0
2023-08-06,3,B,46,0,0
2023-08-07,3,B,37,0,0
2023-08-08,3,B,41,0,0
2023-08-09,3,B,54,1,0
2023-08-10,3,B,30,0,0
2023-08-11,3,B,55,1,0
2023-08-12,3,B,52,0,0
2023-08-13,3,B,53,0,0
2023-08-14,3,B,31,0,0
2023-08-15,3,B,40,0,0
2023-08-16,3,B,35,0,0
2023-08-17,3,B,44,0,0
2023-08-18,3,B,49,1,0
2023-08-19,3,B,51,0,0
2023-08-20,3,B,46,0,0
2023-08-21,3,B,34,0,0
2023-08-22,3,B,42,0,0
2023-08-23,3,B,42,0,0
2023-08-24,3,B,46,1,0
2023-08-25,3,B,42,0,0
2023-08-26,3,B,48,0,0
2023-08-27,3,B,72,1,0
2023-08-28,3,B,31,0,0
2023-08-29,3,B,40,0,0
2023-08-30,3,B,48,0,0
2023-08-31,3,B,34,0,0
2023-09-01,3,B,62,1,0
2023-09-02,3,B,72,1,0
2023-09-03,3,B,46,0,0
2023-09-04,3,B,49,1,0
2023-09-05,3,B,44,0,0
2023-09-06,3,B,38,0,0
2023-09-07,3,B,35,0,0
2023-09-08,3,B,36,0,0
2023-09-09,3,B,52,0,0
2023-09-10,3,B,46,0,0
2023-09-11,3,B,51,1,0
2023-09-12,3,B,37,0,0
2023-09-13,3,B,36,0,0
2023-09-14,3,B,55,1,0
2023-09-15,3,B,35,0,0
2023-09-16,3,B,55,0,0
2023-09-17,3,B,62,0,0
2023-09-18,3,B,32,0,0
2023-09-19,3,B,27,0,0
2023-09-20,3,B,36,0,0
2023-09-21,3,B,27,0,0
2023-09-22,3,B,30,0,0
2023-09-23,3,B,46,0,0
2023-09-24,3,B,52,0,0
2023-09-25,3,B,36,0,0
2023-09-26,3,B,26,0,0
2023-09-27,3,B,36,0,0
2023-09-28,3,B,36,0,0
2023-09-29,3,B,37,0,0
2023-09-30,3,B,54,0,0
2023-10-01,3,B,78,1,0
2023-10-02,3,B,38,0,0
2023-10-03,3,B,48,0,0
2023-10-04,3,B,49,1,0
2023-10-05,3,B,54,1,0
2023-10-06,3,B,56,1,0
2023-10-07,3,B,49,0,0
2023-10-08,3,B,42,0,0
2023-10-09,3,B,28,0,0
2023-10-10,3,B,57,1,0
2023-10-11,3,B,30,0,0
2023-10-12,3,B,34,0,0
2023-10-13,3,B,38,0,0
2023-10-14,3,B,43,0,0
2023-10-15,3,B,51,0,0
2023-10-16,3,B,34,0,0
2023-10-17,3,B,36,0,0
2023-10-18,3,B,40,0,0
2023-10-19,3,B,37,0,0
2023-10-20,3,B,39,0,0
2023-10-21,3,B,52,0,0
2023-10-22,3,B,49,0,0
2023-10-23,3,B,40,0,0
2023-10-24,3,B,34,0,0
2023-10-25,3,B,40,0,0
2023-10-26,3,B,37,0,0
2023-10-27,3,B,44,0,0
2023-10-28,3,B,50,0,0
2023-10-29,3,B,72,1,0
2023-10-30,3,B,41,0,0
2023-10-31,3,B,45,0,0
2023-11-01,3,B,55,1,0
2023-11-02,3,B,35,0,0
2023-11-03,3,B,25,0,0
2023-11-04,3,B,50,0,0
2023-11-05,3,B,48,0,0
2023-11-06,3,B,41,0,0
2023-11-07,3,B,41,0,0
2023-11-08,3,B,31,0,0
2023-11-09,3,B,43,0,0
2023-11-10,3,B,34,0,0
2023-11-11,3,B,47,0,0
2023-11-12,3,B,64,1,0
2023-11-13,3,B,59,1,0
2023-11-14,3,B,33,0,0
2023-11-15,3,B,35,0,0
2023-11-16,3,B,32,0,0
2023-11-17,3,B,43,0,0
2023-11-18,3,B,48,0,0
2023-11-19,3,B,69,1,0
2023-11-20,3,B,32,0,0
2023-11-21,3,B,42,0,0
2023-11-22,3,B,34,0,0
2023-11-23,3,B,36,0,0
2023-11-24,3,B,39,0,0
2023-11-25,3,B,49,0,0
2023-11-26,3,B,41,0,0
2023-11-27,3,B,42,0,0
2023-11-28,3,B,37,0,0
2023-11-29,3,B,40,0,0
2023-11-30,3,B,62,1,0
2023-12-01,3,B,28,0,0
2023-12-02,3,B,54,0,0
2023-12-03,3,B,63,0,0
2023-12-04,3,B,41,0,0
2023-12-05,3,B,45,0,0
2023-12-06,3,B,43,0,0
2023-12-07,3,B,42,0,0
2023-12-08,3,B,44,0,0
2023-12-09,3,B,56,0,0
2023-12-10,3,B,57,0,0
2023-12-11,3,B,33,0,0
2023-12-12,3,B,44,0,0
2023-12-13,3,B,37,0,0
2023-12-14,3,B,65,1,0
2023-12-15,3,B,41,0,0
2023-12-16,3,B,45,0,0
2023-12-17,3,B,58,0,0
2023-12-18,3,B,35,0,0
2023-12-19,3,B,37,0,0
2023-12-20,3,B,47,0,0
2023-12-21,3,B,40,0,0
2023-12-22,3,B,37,0,0
2023-12-23,3,B,50,0,0
2023-12-24,3,B,75,1,0
2023-12-25,3,B,83,0,1
2023-12-26,3,B,57,1,0
2023-12-27,3,B,39,0,0
2023-12-28,3,B,42,0,0
2023-12-29,3,B,41,0,0
2023-12-30,3,B,48,0,0
2023-12-31,3,B,55,0,0
2023-01-01,3,C,95,0,1
2023-01-02,3,C,53,1,0
2023-01-03,3,C,36,0,0
2023-01-04,3,C,57,1,0
2023-01-05,3,C,33,0,0
2023-01-06,3,C,37,0,0
2023-01-07,3,C,41,0,0
2023-01-08,3,C,39,0,0
2023-01-09,3,C,37,0,0
2023-01-10,3,C,28,0,0
2023-01-11,3,C,32,0,0
2023-01-12,3,C,27,0,0
2023-01-13,3,C,26,0,0
2023-01-14,3,C,40,0,0
2023-01-15,3,C,51,0,0
2023-01-16,3,C,43,0,0
2023-01-17,3,C,37,0,0
2023-01-18,3,C,36,0,0
2023-01-19,3,C,42,0,0
2023-01-20,3,C,51,1,0
2023-01-21,3,C,44,0,0
2023-01-22,3,C,49,0,0
2023-01-23,3,C,49,1,0
2023-01-24,3,C,39,0,0
2023-01-25,3,C,39,0,0
2023-01-26,3,C,58,1,0
2023-01-27,3,C,48,1,0
2023-01-28,3,C,44,0,0
2023-01-29,3,C,48,0,0
2023-01-30,3,C,46,0,0
2023-01-31,3,C,34,0,0
2023-02-01,3,C,25,0,0
2023-02-02,3,C,38,0,0
2023-02-03,3,C,25,0,0
2023-02-04,3,C,77,1,0
2023-02-05,3,C,48,0,0
2023-02-06,3,C,37,0,0
2023-02-07,3,C,34,0,0
2023-02-08,3,C,48,1,0
2023-02-09,3,C,37,0,0
2023-02-10,3,C,28,0,0
2023-02-11,3,C,63,1,0
2023-02-12,3,C,49,0,0
2023-02-13,3,C,49,1,0
2023-02-14,3,C,36,0,0
2023-02-15,3,C,36,0,0
2023-02-16,3,C,34,0,0
2023-02-17,3,C,34,0,0
2023-02-18,3,C,71,1,0
2023-02-19,3,C,71,1,0
2023-02-20,3,C,47,1,0
2023-02-21,3,C,32,0,0
2023-02-22,3,C,46,0,0
2023-02-23,3,C,50,1,0
2023-02-24,3,C,31,0,0
2023-02-25,3,C,49,0,0
2023-02-26,3,C,45,0,0
2023-02-27,3,C,26,0,0
2023-02-28,3,C,41,0,0
2023-03-01,3,C,30,0,0
2023-03-02,3,C,26,0,0
2023-03-03,3,C,36,0,0
2023-03-04,3,C,41,0,0
2023-03-05,3,C,63,1,0
2023-03-06,3,C,37,0,0
2023-03-07,3,C,53,1,0
2023-03-08,3,C,37,0,0
2023-03-09,3,C,33,0,0
2023-03-10,3,C,40,0,0
2023-03-11,3,C,49,0,0
2023-03-12,3,C,50,0,0
2023-03-13,3,C,45,1,0
2023-03-14,3,C,40,0,0
2023-03-15,3,C,41,0,0
2023-03-16,3,C,33,0,0
2023-03-17,3,C,29,0,0
2023-03-18,3,C,37,0,0
2023-03-19,3,C,42,0,0
2023-03-20,3,C,35,0,0
2023-03-21,3,C,53,1,0
2023-03-22,3,C,48,1,0
2023-03-23,3,C,29,0,0
2023-03-24,3,C,46,0,0
2023-03-25,3,C,74,1,0
2023-03-26,3,C,51,0,0
2023-03-27,3,C,38,0,0
2023-03-28,3,C,34,0,0
2023-03-29,3,C,58,1,0
2023-03-30,3,C,34,0,0
2023-03-31,3,C,30,0,0
2023-04-01,3,C,41,0,0
2023-04-02,3,C,44,0,0
2023-04-03,3,C,31,0,0
2023-04-04,3,C,37,0,0
2023-04-05,3,C,23,0,0
2023-04-06,3,C,39,0,0
2023-04-07,3,C,52,1,0
2023-04-08,3,C,42,0,0
2023-04-09,3,C,45,0,0
2023-04-10,3,C,34,0,0
2023-04-11,3,C,58,1,0
2023-04-12,3,C,60,1,0
2023-04-13,3,C,37,0,0
2023-04-14,3,C,41,0,0
2023-04-15,3,C,72,1,0
2023-04-16,3,C,48,0,0
2023-04-17,3,C,53,1,0
2023-04-18,3,C,37,0,0
2023-04-19,3,C,36,0,0
2023-04-20,3,C,36,0,0
2023-04-21,3,C,40,0,0
2023-04-22,3,C,40,0,0
2023-04-23,3,C,75,1,0
2023-04-24,3,C,39,0,0
2023-04-25,3,C,26,0,0
2023-04-26,3,C,35,0,0
2023-04-27,3,C,47,1,0
2023-04-28,3,C,35,0,0
2023-04-29,3,C,53,0,0
2023-04-30,3,C,40,0,0
2023-05-01,3,C,33,0,0
2023-05-02,3,C,31,0,0
2023-05-03,3,C,34,0,0
2023-05-04,3,C,37,0,0
2023-05-05,3,C,26,0,0
2023-05-06,3,C,49,0,0
2023-05-07,3,C,55,0,0
2023-05-08,3,C,41,0,0
2023-05-09,3,C,53,1,0
2023-05-10,3,C,33,0,0
2023-05-11,3,C,44,0,0
2023-05-12,3,C,54,1,0
2023-05-13,3,C,82,1,0
2023-05-14,3,C,46,0,0
2023-05-15,3,C,34,0,0
2023-05-16,3,C,31,0,0
2023-05-17,3,C,40,0,0
2023-05-18,3,C,37,0,0
2023-05-19,3,C,55,1,0
2023-05-20,3,C,55,0,0
2023-05-21,3,C,48,0,0
2023-05-22,3,C,60,1,0
2023-05-23,3,C,38,0,0
2023-05-24,3,C,39,0,0
2023-05-25,3,C,30,0,0
2023-05-26,3,C,24,0,0
2023-05-27,3,C,73,1,0
2023-05-28,3,C,71,1,0
2023-05-29,3,C,36,0,0
2023-05-30,3,C,58,1,0
2023-05-31,3,C,30,0,0
2023-06-01,3,C,27,0,0
2023-06-02,3,C,27,0,0
2023-06-03,3,C,71,1,0
2023-06-04,3,C,56,0,0
2023-06-05,3,C,31,0,0
2023-06-06,3,C,50,1,0
2023-06-07,3,C,36,0,0
2023-06-08,3,C,35,0,0
2023-06-09,3,C,59,1,0
2023-06-10,3,C,50,0,0
2023-06-11,3,C,42,0,0
2023-06-12,3,C,37,0,0
2023-06-13,3,C,29,0,0
2023-06-14,3,C,37,0,0
2023-06-15,3,C,30,0,0
2023-06-16,3,C,41,0,0
2023-06-17,3,C,71,1,0
2023-06-18,3,C,71,1,0
2023-06-19,3,C,41,0,0
2023-06-20,3,C,30,0,0
2023-06-21,3,C,42,0,0
2023-06-22,3,C,31,0,0
2023-06-23,3,C,25,0,0
2023-06-24,3,C,51,0,0
2023-06-25,3,C,54,0,0
2023-06-26,3,C,57,1,0
2023-06-27,3,C,41,0,0
2023-06-28,3,C,46,0,0
2023-06-29,3,C,56,1,0
2023-06-30,3,C,43,0,0
2023-07-01,3,C,53,0,0
2023-07-02,3,C,74,1,0
2023-07-03,3,C,42,0,0
2023-07-04,3,C,33,0,0
2023-07-05,3,C,46,0,0
2023-07-06,3,C,58,1,0
2023-07-07,3,C,37,0,0
2023-07-08,3,C,43,0,0
2023-07-09,3,C,48,0,0
2023-07-10,3,C,35,0,0
2023-07-11,3,C,33,0,0
2023-07-12,3,C,38,0,0
2023-07-13,3,C,35,0,0
2023-07-14,3,C,38,0,0
2023-07-15,3,C,50,0,0
2023-07-16,3,C,51,0,0
2023-07-17,3,C,40,0,0
2023-07-18,3,C,44,0,0
2023-07-19,3,C,34,0,0
2023-07-20,3,C,38,0,0
2023-07-21,3,C,36,0,0
2023-07-22,3,C,45,0,0
2023-07-23,3,C,49,0,0
2023-07-24,3,C,42,0,0
2023-07-25,3,C,57,1,0
2023-07-26,3,C,38,0,0
2023-07-27,3,C,35,0,0
2023-07-28,3,C,36,0,0
2023-07-29,3,C,46,0,0
2023-07-30,3,C,46,0,0
2023-07-31,3,C,42,0,0
2023-08-01,3,C,36,0,0
2023-08-02,3,C,37,0,0
2023-08-03,3,C,36,0,0
2023-08-04,3,C,53,1,0
2023-08-05,3,C,42,0,0
2023-08-06,3,C,55,0,0
2023-08-07,3,C,19,0,0
2023-08-08,3,C,38,0,0
2023-08-09,3,C,27,0,0
2023-08-10,3,C,37,0,0
2023-08-11,3,C,34,0,0
2023-08-12,3,C,54,0,0
2023-08-13,3,C,51,0,0
2023-08-14,3,C,33,0,0
2023-08-15,3,C,38,0,0
2023-08-16,3,C,36,0,0
2023-08-17,3,C,34,0,0
2023-08-18,3,C,43,0,0
2023-08-19,3,C,42,0,0
2023-08-20,3,C,79,1,0
2023-08-21,3,C,37,0,0
2023-08-22,3,C,33,0,0
2023-08-23,3,C,39,0,0
2023-08-24,3,C,44,0,0
2023-08-25,3,C,32,0,0
2023-08-26,3,C,55,0,0
2023-08-27,3,C,46,0,0
2023-08-28,3,C,44,0,0
2023-08-29,3,C,37,0,0
2023-08-30,3,C,37,0,0
2023-08-31,3,C,55,1,0
2023-09-01,3,C,39,0,0
2023-09-02,3,C,50,0,0
2023-09-03,3,C,50,0,0
2023-09-04,3,C,38,0,0
2023-09-05,3,C,33,0,0
2023-09-06,3,C,60,1,0
2023-09-07,3,C,41,0,0
2023-09-08,3,C,56,1,0
2023-09-09,3,C,43,0,0
2023-09-10,3,C,45,0,0
2023-09-11,3,C,42,0,0
2023-09-12,3,C,52,1,0
2023-09-13,3,C,39,0,0
2023-09-14,3,C,60,1,0
2023-09-15,3,C,56,1,0
2023-09-16,3,C,76,1,0
2023-09-17,3,C,54,0,0
2023-09-18,3,C,38,0,0
2023-09-19,3,C,35,0,0
2023-09-20,3,C,33,0,0
2023-09-21,3,C,56,1,0
2023-09-22,3,C,39,0,0
2023-09-23,3,C,63,0,0
2023-09-24,3,C,65,1,0
2023-09-25,3,C,40,0,0
2023-09-26,3,C,38,0,0
2023-09-27,3,C,38,0,0
2023-09-28,3,C,55,1,0
2023-09-29,3,C,40,0,0
2023-09-30,3,C,49,0,0
2023-10-01,3,C,77,1,0
2023-10-02,3,C,36,0,0
2023-10-03,3,C,60,1,0
2023-10-04,3,C,58,1,0
2023-10-05,3,C,50,0,0
2023-10-06,3,C,44,0,0
2023-10-07,3,C,52,0,0
2023-10-08,3,C,59,0,0
2023-10-09,3,C,36,0,0
2023-10-10,3,C,41,0,0
2023-10-11,3,C,37,0,0
2023-10-12,3,C,45,0,0
2023-10-13,3,C,55,1,0
2023-10-14,3,C,56,0,0
2023-10-15,3,C,48,0,0
2023-10-16,3,C,30,0,0
2023-10-17,3,C,41,0,0
2023-10-18,3,C,43,0,0
2023-10-19,3,C,62,1,0
2023-10-20,3,C,32,0,0
2023-10-21,3,C,52,0,0
2023-10-22,3,C,53,0,0
2023-10-23,3,C,33,0,0
2023-10-24,3,C,62,1,0
2023-10-25,3,C,42,0,0
2023-10-26,3,C,46,0,0
2023-10-27,3,C,28,0,0
2023-10-28,3,C,44,0,0
2023-10-29,3,C,48,0,0
2023-10-30,3,C,46,0,0
2023-10-31,3,C,44,0,0
2023-11-01,3,C,43,0,0
2023-11-02,3,C,43,0,0
2023-11-03,3,C,47,0,0
2023-11-04,3,C,72,1,0
2023-11-05,3,C,36,0,0
2023-11-06,3,C,44,0,0
2023-11-07,3,C,50,0,0
2023-11-08,3,C,44,0,0
2023-11-09,3,C,57,1,0
2023-11-10,3,C,46,0,0
2023-11-11,3,C,55,0,0
2023-11-12,3,C,54,0,0
2023-11-13,3,C,34,0,0
2023-11-14,3,C,38,0,0
2023-11-15,3,C,39,0,0
2023-11-16,3,C,43,0,0
2023-11-17,3,C,60,1,0
2023-11-18,3,C,50,0,0
2023-11-19,3,C,57,0,0
2023-11-20,3,C,34,0,0
2023-11-21,3,C,35,0,0
2023-11-22,3,C,60,1,0
2023-11-23,3,C,37,0,0
2023-11-24,3,C,45,0,0
2023-11-25,3,C,47,0,0
2023-11-26,3,C,48,0,0
2023-11-27,3,C,28,0,0
2023-11-28,3,C,42,0,0
2023-11-29,3,C,39,0,0
2023-11-30,3,C,34,0,0
2023-12-01,3,C,39,0,0
2023-12-02,3,C,62,0,0
2023-12-03,3,C,48,0,0
2023-12-04,3,C,58,1,0
2023-12-05,3,C,55,1,0
2023-12-06,3,C,53,1,0
2023-12-07,3,C,43,0,0
2023-12-08,3,C,52,1,0
2023-12-09,3,C,83,1,0
2023-12-10,3,C,56,0,0
2023-12-11,3,C,62,1,0
2023-12-12,3,C,39,0,0
2023-12-13,3,C,61,1,0
2023-12-14,3,C,31,0,0
2023-12-15,3,C,43,0,0
2023-12-16,3,C,56,0,0
2023-12-17,3,C,53,0,0
2023-12-18,3,C,42,0,0
2023-12-19,3,C,38,0,0
2023-12-20,3,C,48,0,0
2023-12-21,3,C,42,0,0
2023-12-22,3,C,42,0,0
2023-12-23,3,C,57,0,0
2023-12-24,3,C,54,0,0
2023-12-25,3,C,89,0,1
2023-12-26,3,C,41,0,0
2023-12-27,3,C,39,0,0
2023-12-28,3,C,39,0,0
2023-12-29,3,C,59,1,0
2023-12-30,3,C,59,0,0
2023-12-31,3,C,57,0,0
2023-01-01,3,D,91,0,1
2023-01-02,3,D,46,0,0
2023-01-03,3,D,48,1,0
2023-01-04,3,D,61,1,0
2023-01-05,3,D,49,1,0
2023-01-06,3,D,33,0,0
2023-01-07,3,D,46,0,0
2023-01-08,3,D,45,0,0
2023-01-09,3,D,42,0,0
2023-01-10,3,D,44,0,0
2023-01-11,3,D,37,0,0
2023-01-12,3,D,27,0,0
2023-01-13,3,D,42,0,0
2023-01-14,3,D,75,1,0
2023-01-15,3,D,44,0,0
2023-01-16,3,D,26,0,0
2023-01-17,3,D,26,0,0
2023-01-18,3,D,28,0,0
2023-01-19,3,D,34,0,0
2023-01-20,3,D,42,0,0
2023-01-21,3,D,50,0,0
2023-01-22,3,D,73,1,0
2023-01-23,3,D,37,0,0
2023-01-24,3,D,53,1,0
2023-01-25,3,D,35,0,0
2023-01-26,3,D,29,0,0
2023-01-27,3,D,47,1,0
2023-01-28,3,D,43,0,0
2023-01-29,3,D,43,0,0
2023-01-30,3,D,36,0,0
2023-01-31,3,D,41,0,0
2023-02-01,3,D,29,0,0
2023-02-02,3,D,33,0,0
2023-02-03,3,D,39,0,0
2023-02-04,3,D,49,0,0
2023-02-05,3,D,69,1,0
2023-02-06,3,D,36,0,0
2023-02-07,3,D,35,0,0
2023-02-08,3,D,35,0,0
2023-02-09,3,D,62,1,0
2023-02-10,3,D,28,0,0
2023-02-11,3,D,67,1,0
2023-02-12,3,D,41,0,0
2023-02-13,3,D,38,0,0
2023-02-14,3,D,53,1,0
2023-02-15,3,D,33,0,0
2023-02-16,3,D,34,0,0
2023-02-17,3,D,39,0,0
2023-02-18,3,D,57,0,0
2023-02-19,3,D,67,1,0
2023-02-20,3,D,55,1,0
2023-02-21,3,D,34,0,0
2023-02-22,3,D,43,0,0
2023-02-23,3,D,60,1,0
2023-02-24,3,D,33,0,0
2023-02-25,3,D,45,0,0
2023-02-26,3,D,40,0,0
2023-02-27,3,D,40,0,0
2023-02-28,3,D,40,0,0
2023-03-01,3,D,35,0,0
2023-03-02,3,D,39,0,0
2023-03-03,3,D,34,0,0
2023-03-04,3,D,45,0,0
2023-03-05,3,D,50,0,0
2023-03-06,3,D,31,0,0
2023-03-07,3,D,37,0,0
2023-03-08,3,D,32,0,0
2023-03-09,3,D,45,0,0
2023-03-10,3,D,35,0,0
2023-03-11,3,D,68,1,0
2023-03-12,3,D,45,0,0
2023-03-13,3,D,30,0,0
2023-03-14,3,D,29,0,0
2023-03-15,3,D,42,0,0
2023-03-16,3,D,31,0,0
2023-03-17,3,D,33,0,0
2023-03-18,3,D,46,0,0
2023-03-19,3,D,46,0,0
2023-03-20,3,D,36,0,0
2023-03-21,3,D,56,1,0
2023-03-22,3,D,60,1,0
2023-03-23,3,D,35,0,0
2023-03-24,3,D,27,0,0
2023-03-25,3,D,49,0,0
2023-03-26,3,D,69,1,0
2023-03-27,3,D,52,1,0
2023-03-28,3,D,33,0,0
2023-03-29,3,D,61,1,0
2023-03-30,3,D,35,0,0
2023-03-31,3,D,31,0,0
2023-04-01,3,D,48,0,0
2023-04-02,3,D,53,0,0
2023-04-03,3,D,30,0,0
2023-04-04,3,D,43,0,0
2023-04-05,3,D,29,0,0
2023-04-06,3,D,37,0,0
2023-04-07,3,D,40,0,0
2023-04-08,3,D,43,0,0
2023-04-09,3,D,64,1,0
2023-04-10,3,D,34,0,0
2023-04-11,3,D,43,0,0
2023-04-12,3,D,38,0,0
2023-04-13,3,D,47,1,0
2023-04-14,3,D,45,0,0
2023-04-15,3,D,44,0,0
2023-04-16,3,D,72,1,0
2023-04-17,3,D,58,1,0
2023-04-18,3,D,40,0,0
2023-04-19,3,D,34,0,0
2023-04-20,3,D,38,0,0
2023-04-21,3,D,38,0,0
2023-04-22,3,D,71,1,0
2023-04-23,3,D,80,1,0
2023-04-24,3,D,33,0,0
2023-04-25,3,D,31,0,0
2023-04-26,3,D,38,0,0
2023-04-27,3,D,39,0,0
2023-04-28,3,D,40,0,0
2023-04-29,3,D,41,0,0
2023-04-30,3,D,74,1,0
2023-05-01,3,D,27,0,0
2023-05-02,3,D,34,0,0
2023-05-03,3,D,27,0,0
2023-05-04,3,D,50,1,0
2023-05-05,3,D,43,0,0
2023-05-06,3,D,42,0,0
2023-05-07,3,D,32,0,0
2023-05-08,3,D,38,0,0
2023-05-09,3,D,27,0,0
2023-05-10,3,D,29,0,0
2023-05-11,3,D,33,0,0
2023-05-12,3,D,30,0,0
2023-05-13,3,D,47,0,0
2023-05-14,3,D,47,0,0
2023-05-15,3,D,31,0,0
2023-05-16,3,D,37,0,0
2023-05-17,3,D,27,0,0
2023-05-18,3,D,65,1,0
2023-05-19,3,D,43,0,0
2023-05-20,3,D,67,1,0
2023-05-21,3,D,76,1,0
2023-05-22,3,D,38,0,0
2023-05-23,3,D,38,0,0
2023-05-24,3,D,31,0,0
2023-05-25,3,D,31,0,0
2023-05-26,3,D,32,0,0
2023-05-27,3,D,50,0,0
2023-05-28,3,D,45,0,0
2023-05-29,3,D,25,0,0
2023-05-30,3,D,50,1,0
2023-05-31,3,D,42,0,0
2023-06-01,3,D,31,0,0
2023-06-02,3,D,38,0,0
2023-06-03,3,D,68,1,0
2023-06-04,3,D,64,1,0
2023-06-05,3,D,43,0,0
2023-06-06,3,D,31,0,0
2023-06-07,3,D,43,0,0
2023-06-08,3,D,55,1,0
2023-06-09,3,D,55,1,0
2023-06-10,3,D,52,0,0
2023-06-11,3,D,51,0,0
2023-06-12,3,D,38,0,0
2023-06-13,3,D,53,1,0
2023-06-14,3,D,40,0,0
2023-06-15,3,D,41,0,0
2023-06-16,3,D,48,1,0
2023-06-17,3,D,72,1,0
2023-06-18,3,D,36,0,0
2023-06-19,3,D,39,0,0
2023-06-20,3,D,31,0,0
2023-06-21,3,D,39,0,0
2023-06-22,3,D,36,0,0
2023-06-23,3,D,39,0,0
2023-06-24,3,D,80,1,0
2023-06-25,3,D,44,0,0
2023-06-26,3,D,36,0,0
2023-06-27,3,D,38,0,0
2023-06-28,3,D,31,0,0
2023-06-29,3,D,41,0,0
2023-06-30,3,D,44,0,0
2023-07-01,3,D,49,0,0
2023-07-02,3,D,57,0,0
2023-07-03,3,D,40,0,0
2023-07-04,3,D,38,0,0
2023-07-05,3,D,42,0,0
2023-07-06,3,D,36,0,0
2023-07-07,3,D,55,1,0
2023-07-08,3,D,76,1,0
2023-07-09,3,D,58,0,0
2023-07-10,3,D,33,0,0
2023-07-11,3,D,31,0,0
2023-07-12,3,D,39,0,0
2023-07-13,3,D,27,0,0
2023-07-14,3,D,35,0,0
2023-07-15,3,D,48,0,0
2023-07-16,3,D,70,1,0
2023-07-17,3,D,44,0,0
2023-07-18,3,D,63,1,0
2023-07-19,3,D,47,0,0
2023-07-20,3,D,37,0,0
2023-07-21,3,D,57,1,0
2023-07-22,3,D,46,0,0
2023-07-23,3,D,54,0,0
2023-07-24,3,D,49,1,0
2023-07-25,3,D,36,0,0
2023-07-26,3,D,43,0,0
2023-07-27,3,D,37,0,0
2023-07-28,3,D,35,0,0
2023-07-29,3,D,45,0,0
2023-07-30,3,D,44,0,0
2023-07-31,3,D,35,0,0
2023-08-01,3,D,40,0,0
2023-08-02,3,D,38,0,0
2023-08-03,3,D,45,0,0
2023-08-04,3,D,30,0,0
2023-08-05,3,D,46,0,0
2023-08-06,3,D,43,0,0
2023-08-07,3,D,34,0,0
2023-08-08,3,D,35,0,0
2023-08-09,3,D,40,0,0
2023-08-10,3,D,41,0,0
2023-08-11,3,D,40,0,0
2023-08-12,3,D,54,0,0
2023-08-13,3,D,54,0,0
2023-08-14,3,D,59,1,0
2023-08-15,3,D,61,1,0
2023-08-16,3,D,36,0,0
2023-08-17,3,D,31,0,0
2023-08-18,3,D,34,0,0
2023-08-19,3,D,56,0,0
2023-08-20,3,D,44,0,0
2023-08-21,3,D,36,0,0
2023-08-22,3,D,32,0,0
2023-08-23,3,D,43,0,0
2023-08-24,3,D,57,1,0
2023-08-25,3,D,36,0,0
2023-08-26,3,D,39,0,0
2023-08-27,3,D,50,0,0
2023-08-28,3,D,43,0,0
2023-08-29,3,D,41,0,0
2023-08-30,3,D,35,0,0
2023-08-31,3,D,33,0,0
2023-09-01,3,D,39,0,0
2023-09-02,3,D,42,0,0
2023-09-03,3,D,77,1,0
2023-09-04,3,D,52,1,0
2023-09-05,3,D,34,0,0
2023-09-06,3,D,34,0,0
2023-09-07,3,D,42,0,0
2023-09-08,3,D,33,0,0
2023-09-09,3,D,45,0,0
2023-09-10,3,D,58,0,0
2023-09-11,3,D,41,0,0
2023-09-12,3,D,39,0,0
2023-09-13,3,D,39,0,0
2023-09-14,3,D,28,0,0
2023-09-15,3,D,39,0,0
2023-09-16,3,D,56,0,0
2023-09-17,3,D,46,0,0
2023-09-18,3,D,50,1,0
2023-09-19,3,D,48,1,0
2023-09-20,3,D,52,1,0
2023-09-21,3,D,31,0,0
2023-09-22,3,D,40,0,0
2023-09-23,3,D,53,0,0
2023-09-24,3,D,53,0,0
2023-09-25,3,D,36,0,0
2023-09-26,3,D,44,0,0
2023-09-27,3,D,28,0,0
2023-09-28,3,D,35,0,0
2023-09-29,3,D,36,0,0
2023-09-30,3,D,53,0,0
2023-10-01,3,D,43,0,0
2023-10-02,3,D,39,0,0
2023-10-03,3,D,43,0,0
2023-10-04,3,D,42,0,0
2023-10-05,3,D,35,0,0
2023-10-06,3,D,60,1,0
2023-10-07,3,D,73,1,0
2023-10-08,3,D,48,0,0
2023-10-09,3,D,38,0,0
2023-10-10,3,D,47,0,0
2023-10-11,3,D,47,0,0
2023-10-12,3,D,43,0,0
2023-10-13,3,D,33,0,0
2023-10-14,3,D,55,0,0
2023-10-15,3,D,50,0,0
2023-10-16,3,D,42,0,0
2023-10-17,3,D,35,0,0
2023-10-18,3,D,42,0,0
2023-10-19,3,D,43,0,0
2023-10-20,3,D,40,0,0
2023-10-21,3,D,79,1,0
2023-10-22,3,D,45,0,0
2023-10-23,3,D,62,1,0
2023-10-24,3,D,36,0,0
2023-10-25,3,D,46,0,0
2023-10-26,3,D,37,0,0
2023-10-27,3,D,31,0,0
2023-10-28,3,D,58,0,0
2023-10-29,3,D,51,0,0
2023-10-30,3,D,43,0,0
2023-10-31,3,D,39,0,0
2023-11-01,3,D,32,0,0
2023-11-02,3,D,37,0,0
2023-11-03,3,D,39,0,0
2023-11-04,3,D,55,0,0
2023-11-05,3,D,52,0,0
2023-11-06,3,D,38,0,0
2023-11-07,3,D,38,0,0
2023-11-08,3,D,43,0,0
2023-11-09,3,D,43,0,0
2023-11-10,3,D,54,1,0
2023-11-11,3,D,78,1,0
2023-11-12,3,D,55,0,0
2023-11-13,3,D,48,0,0
2023-11-14,3,D,46,0,0
2023-11-15,3,D,32,0,0
2023-11-16,3,D,39,0,0
2023-11-17,3,D,32,0,0
2023-11-18,3,D,59,0,0
2023-11-19,3,D,53,0,0
2023-11-20,3,D,44,0,0
2023-11-21,3,D,55,1,0
2023-11-22,3,D,56,1,0
2023-11-23,3,D,41,0,0
2023-11-24,3,D,66,1,0
2023-11-25,3,D,43,0,0
2023-11-26,3,D,57,0,0
2023-11-27,3,D,41,0,0
2023-11-28,3,D,30,0,0
2023-11-29,3,D,43,0,0
2023-11-30,3,D,64,1,0
2023-12-01,3,D,60,1,0
2023-12-02,3,D,49,0,0
2023-12-03,3,D,48,0,0
2023-12-04,3,D,42,0,0
2023-12-05,3,D,33,0,0
2023-12-06,3,D,47,0,0
2023-12-07,3,D,36,0,0
2023-12-08,3,D,30,0,0
2023-12-09,3,D,83,1,0
2023-12-10,3,D,56,0,0
2023-12-11,3,D,62,1,0
2023-12-12,3,D,45,0,0
2023-12-13,3,D,35,0,0
2023-12-14,3,D,65,1,0
2023-12-15,3,D,45,0,0
2023-12-16,3,D,57,0,0
2023-12-17,3,D,55,0,0
2023-12-18,3,D,35,0,0
2023-12-19,3,D,38,0,0
2023-12-20,3,D,66,1,0
2023-12-21,3,D,38,0,0
2023-12-22,3,D,35,0,0
2023-12-23,3,D,90,1,0
2023-12-24,3,D,44,0,0
2023-12-25,3,D,119,1,1
2023-12-26,3,D,43,0,0
2023-12-27,3,D,52,0,0
2023-12-28,3,D,39,0,0
2023-12-29,3,D,39,0,0
2023-12-30,3,D,52,0,0
2023-12-31,3,D,48,0,0
